species	county
Andrena aculeata	Whitman
Andrena birtwelli	Kittitas
Andrena buckelli	Garfield
Andrena buckelli	Kittitas
Andrena buckelli	Whitman
Andrena ceanothifloris	Okanogan
Andrena frigida	King
Andrena frigida	Kitsap
Andrena frigida	Pend Oreille
Andrena frigida	Pierce
Andrena frigida	Snohomish
Andrena frigida	Walla Walla
Andrena frigida	Whitman
Andrena frigida	Yakima
Andrena hemileuca	Ferry
Andrena hemileuca	Island
Andrena hemileuca	King
Andrena hemileuca	Kitsap
Andrena hemileuca	Lewis
Andrena hemileuca	Pierce
Andrena hemileuca	Skagit
Andrena hemileuca	Snohomish
Andrena hemileuca	Thurston
Andrena hemileuca	Whitman
Andrena jennei	Yakima
Andrena laminibucca	Jefferson
Andrena laminibucca	Kittitas
Andrena macoupinensis	Benton
Andrena macoupinensis	Kittitas
Andrena macoupinensis	Yakima
Andrena macoupinensis	Whitman
Andrena milwaukeensis	Chelan
Andrena milwaukeensis	Kittitas
Andrena milwaukeensis	Klickitat
Andrena milwaukeensis	Lewis
Andrena milwaukeensis	Spokane
Andrena milwaukeensis	Thurston
Andrena perarmata	King
Andrena perarmata	Kitsap
Andrena perarmata	Kittitas
Andrena perarmata	Pierce
Andrena perarmata	Thurston
Andrena perarmata	Walla Walla
Andrena perarmata	Whitman
Andrena perarmata	Yakima
Andrena prolixa	Pierce
Andrena rufosignata	Clallam
Andrena rufosignata	King
Andrena rufosignata	Okanogan
Andrena rufosignata	Pierce
Andrena rufosignata	Thurston
Andrena rufosignata	Whatcom
Andrena saccata	Clallam
Andrena saccata	Grays Harbor
Andrena saccata	King
Andrena saccata	Pacific
Andrena saccata	Pierce
Andrena saccata	Snohomish
Andrena saccata	Walla Walla
Andrena schuhi	Spokane
Andrena schuhi	Whitman
Andrena thaspii	Chelan
Andrena thaspii	Clallam
Andrena thaspii	Columbia
Andrena thaspii	Garfield
Andrena thaspii	Island
Andrena thaspii	Jefferson
Andrena thaspii	King
Andrena thaspii	Kittitas
Andrena thaspii	Pierce
Andrena thaspii	San Juan
Andrena thaspii	Skagit
Andrena thaspii	Snohomish
Andrena thaspii	Thurston
Andrena thaspii	Whitman
Andrena thaspii	Yakima
Andrena topazana	Asotin
Andrena topazana	Columbia
Andrena topazana	Okanogan
Andrena topazana	Walla Walla
Andrena topazana	Whitman
Andrena vicinoides	Asotin
Andrena vicinoides	Clallam
Andrena vicinoides	Island
Andrena vicinoides	King
Andrena vicinoides	Kitsap
Andrena vicinoides	Okanogan
Andrena vicinoides	Pacific
Andrena vicinoides	Pierce
Andrena vicinoides	San Juan
Andrena vicinoides	Skagit
Andrena vicinoides	Thurston
Andrena vicinoides	Whitman
Andrena washingtoni	Clallam
Andrena washingtoni	Douglas
Andrena washingtoni	King
Andrena washingtoni	Pierce
Andrena washingtoni	Skamania
Andrena washingtoni	Thurston
Andrena colletina	Klickitat
Andrena columbiana	Benton
Andrena columbiana	Clallam
Andrena columbiana	Island
Andrena columbiana	Jefferson
Andrena columbiana	King
Andrena columbiana	Okanogan
Andrena columbiana	Pacific
Andrena columbiana	Pend Oreille
Andrena columbiana	San Juan
Andrena columbiana	Snohomish
Andrena columbiana	Thurston
Andrena columbiana	Whatcom
Andrena columbiana	Yakima
Andrena nubecula	Pend Oreille
Andrena nubecula	Walla Walla
Andrena nubecula	Whitman
Andrena nubecula	Yakima
Andrena scutellinitens	Okanogan
Andrena sulcata	Adams
Andrena sulcata	Benton
Andrena sulcata	Chelan
Andrena sulcata	Yakima
Andrena surda	Kittitas
Andrena surda	Pacific
Andrena surda	Yakima
Andrena anisochlora	Clark
Andrena berberidis	King
Andrena berberidis	Kittitas
Andrena berberidis	Pierce
Andrena berberidis	Thurston
Andrena berberidis	Whitman
Andrena porterae	King
Andrena porterae	Kittitas
Andrena cristata	Pierce
Andrena obscuripostica	Pierce
Andrena cuneilabris	Thurston
Andrena evoluta	Adams
Andrena evoluta	Okanogan
Andrena evoluta	Whitman
Andrena nothocalaidis	Adams
Andrena nothocalaidis	Benton
Andrena nothocalaidis	Chelan
Andrena nothocalaidis	Klickitat
Andrena nothocalaidis	Okanogan
Andrena nothocalaidis	Pierce
Andrena nothocalaidis	Spokane
Andrena nothocalaidis	Whitman
Andrena nothocalaidis	Yakima
Andrena subchalybea	Kittitas
Andrena trevoris	Asotin
Andrena trevoris	Columbia
Andrena trevoris	Island
Andrena trevoris	Jefferson
Andrena trevoris	King
Andrena trevoris	Kitsap
Andrena trevoris	Klickitat
Andrena trevoris	Pierce
Andrena trevoris	San Juan
Andrena trevoris	Thurston
Andrena trevoris	Walla Walla
Andrena trevoris	Whatcom
Andrena trevoris	Whitman
Andrena flocculosa	Kittitas
Andrena flocculosa	Pierce
Andrena flocculosa	Thurston
Andrena flocculosa	Whitman
Andrena flocculosa	Yakima
Andrena cressonii	Benton
Andrena cressonii	King
Andrena cressonii	Kittitas
Andrena cressonii	Pierce
Andrena cressonii	Walla Walla
Andrena cressonii	Whitman
Andrena cressonii	Yakima
Andrena miserabilis	Benton
Andrena miserabilis	Kittitas
Andrena miserabilis	Okanogan
Andrena miserabilis	Whitman
Andrena barbilabris	Benton
Andrena barbilabris	Chelan
Andrena barbilabris	Clallam
Andrena barbilabris	Island
Andrena barbilabris	King
Andrena barbilabris	Pacific
Andrena barbilabris	Pierce
Andrena barbilabris	Snohomish
Andrena barbilabris	Thurston
Andrena barbilabris	Whitman
Andrena barbilabris	Yakima
Andrena carlini	King
Andrena cerasifolii	Stevens
Andrena cerasifolii	Whitman
Andrena commoda	Columbia
Andrena commoda	Klickitat
Andrena commoda	Pierce
Andrena commoda	Walla Walla
Andrena commoda	Whitman
Andrena commoda	Yakima
Andrena cyanura	Kittitas
Andrena erythrogaster	Kittitas
Andrena hallii	Whitman
Andrena lupinorum	King
Andrena lupinorum	Thurston
Andrena lupinorum	Whitman
Andrena nivalis	Asotin
Andrena nivalis	Benton
Andrena nivalis	Garfield
Andrena nivalis	Jefferson
Andrena nivalis	King
Andrena nivalis	Klickitat
Andrena nivalis	Okanogan
Andrena nivalis	Pierce
Andrena nivalis	San Juan
Andrena nivalis	Spokane
Andrena nivalis	Thurston
Andrena nivalis	Walla Walla
Andrena nivalis	Whitman
Andrena perplexa	Cowlitz
Andrena perplexa	Garfield
Andrena perplexa	Kittitas
Andrena perplexa	Thurston
Andrena perplexa	Whitman
Andrena sola	Klickitat
Andrena sola	San Juan
Andrena sola	Spokane
Andrena subaustralis	Benton
Andrena subaustralis	Kittitas
Andrena subaustralis	Thurston
Andrena subaustralis	Whitman
Andrena subaustralis	Yakima
Andrena subtilis	Island
Andrena subtilis	Kittitas
Andrena subtilis	San Juan
Andrena subtilis	Spokane
Andrena subtilis	Walla Walla
Andrena subtilis	Whitman
Andrena subtilis	Yakima
Andrena transnigra	Jefferson
Andrena transnigra	King
Andrena transnigra	Kitsap
Andrena transnigra	Kittitas
Andrena transnigra	Klickitat
Andrena transnigra	Pierce
Andrena transnigra	Skagit
Andrena transnigra	Spokane
Andrena transnigra	Stevens
Andrena transnigra	Thurston
Andrena vicina	King
Andrena vicina	Kittitas
Andrena vicina	San Juan
Andrena vicina	Snohomish
Andrena vicina	Stevens
Andrena vicina	Thurston
Andrena vicina	Whitman
Andrena chlorogaster	Chelan
Andrena chlorogaster	Kittitas
Andrena chlorogaster	Klickitat
Andrena chlorogaster	Thurston
Andrena chlorogaster	Walla Walla
Andrena chlorogaster	Whitman
Andrena chlorogaster	Yakima
Andrena illinoiensis	Grant
Andrena illinoiensis	Thurston
Andrena illinoiensis	Whitman
Andrena illinoiensis	Yakima
Andrena melanochroa	Chelan
Andrena melanochroa	Pierce
Andrena melanochroa	Spokane
Andrena melanochroa	Thurston
Andrena melanochroa	Whitman
Andrena microchlora	Benton
Andrena microchlora	Kittitas
Andrena microchlora	Klickitat
Andrena microchlora	Lincoln
Andrena microchlora	Spokane
Andrena microchlora	Thurston
Andrena microchlora	Whitman
Andrena microchlora	Yakima
Andrena nigrae	Asotin
Andrena nigrae	Whitman
Andrena piperi	Asotin
Andrena piperi	Benton
Andrena piperi	Chelan
Andrena piperi	Kittitas
Andrena piperi	Spokane
Andrena piperi	Walla Walla
Andrena piperi	Whitman
Andrena piperi	Yakima
Andrena salictaria	Spokane
Andrena salictaria	Whitman
Andrena raveni	Adams
Andrena raveni	Benton
Andrena andrenoides	Garfield
Andrena andrenoides	Thurston
Andrena andrenoides	Yakima
Andrena nevadensis	Thurston
Andrena nevadensis	Whitman
Andrena nevadensis	Yakima
Andrena crataegi	Asotin
Andrena crataegi	King
Andrena crataegi	Kittitas
Andrena crataegi	Okanogan
Andrena crataegi	Pierce
Andrena crataegi	Spokane
Andrena crataegi	Stevens
Andrena crataegi	Thurston
Andrena crataegi	Walla Walla
Andrena crataegi	Whitman
Andrena crataegi	Yakima
Andrena prunorum	Adams
Andrena prunorum	Asotin
Andrena prunorum	Benton
Andrena prunorum	Chelan
Andrena prunorum	Clallam
Andrena prunorum	Ferry
Andrena prunorum	Franklin
Andrena prunorum	Island
Andrena prunorum	Jefferson
Andrena prunorum	King
Andrena prunorum	Kitsap
Andrena prunorum	Kittitas
Andrena prunorum	Klickitat
Andrena prunorum	Lincoln
Andrena prunorum	Mason
Andrena prunorum	Okanogan
Andrena prunorum	Pierce
Andrena prunorum	San Juan
Andrena prunorum	Skagit
Andrena prunorum	Snohomish
Andrena prunorum	Spokane
Andrena prunorum	Stevens
Andrena prunorum	Thurston
Andrena prunorum	Walla Walla
Andrena prunorum	Whitman
Andrena prunorum	Yakima
Andrena astragali	Jefferson
Andrena astragali	Kittitas
Andrena astragali	Okanogan
Andrena astragali	San Juan
Andrena astragali	Spokane
Andrena astragali	Thurston
Andrena astragali	Whitman
Andrena auricoma	Garfield
Andrena auricoma	Kittitas
Andrena auricoma	Walla Walla
Andrena auricoma	Whitman
Andrena caerulea	Island
Andrena caerulea	Kittitas
Andrena caerulea	Klickitat
Andrena caerulea	Lewis
Andrena caerulea	Pierce
Andrena caerulea	Thurston
Andrena caerulea	Whitman
Andrena chlorura	King
Andrena chlorura	Thurston
Andrena chlorura	Whitman
Andrena lawrencei	Benton
Andrena lawrencei	Kittitas
Andrena lawrencei	Okanogan
Andrena lawrencei	Spokane
Andrena lawrencei	Whitman
Andrena lawrencei	Yakima
Andrena nigrihirta	Clallam
Andrena nigrihirta	Grays Harbor
Andrena nigrihirta	King
Andrena nigrihirta	Pierce
Andrena nigrihirta	Spokane
Andrena nigrihirta	Thurston
Andrena nigrihirta	Whitman
Andrena nigrocaerulea	Chelan
Andrena nigrocaerulea	Clallam
Andrena nigrocaerulea	Columbia
Andrena nigrocaerulea	Island
Andrena nigrocaerulea	King
Andrena nigrocaerulea	Kittitas
Andrena nigrocaerulea	Klickitat
Andrena nigrocaerulea	Pierce
Andrena nigrocaerulea	San Juan
Andrena nigrocaerulea	Spokane
Andrena nigrocaerulea	Thurston
Andrena nigrocaerulea	Walla Walla
Andrena nigrocaerulea	Whitman
Andrena nigrocaerulea	Yakima
Andrena pallidiscopa	Benton
Andrena pallidiscopa	Kittitas
Andrena pallidiscopa	Klickitat
Andrena pallidiscopa	Walla Walla
Andrena pallidiscopa	Whitman
Andrena ribblei	Okanogan
Andrena ribblei	Pierce
Andrena chapmanae	Adams
Andrena chapmanae	Chelan
Andrena chapmanae	Garfield
Andrena chapmanae	Klickitat
Andrena chapmanae	Whitman
Andrena gordoni	Benton
Andrena gordoni	Whitman
Andrena merriami	Asotin
Andrena merriami	Benton
Andrena merriami	Kittitas
Andrena merriami	Klickitat
Andrena merriami	Okanogan
Andrena merriami	Spokane
Andrena merriami	Walla Walla
Andrena merriami	Whitman
Andrena merriami	Yakima
Andrena scurra	Adams
Andrena scurra	Benton
Andrena scurra	Chelan
Andrena scurra	Garfield
Andrena scurra	Grant
Andrena scurra	Kittitas
Andrena scurra	Okanogan
Andrena scurra	Spokane
Andrena scurra	Walla Walla
Andrena scurra	Whitman
Andrena shoshoni	Whitman
Andrena sladeni	Asotin
Andrena sladeni	Benton
Andrena sladeni	Kittitas
Andrena sladeni	Whitman
Andrena sladeni	Yakima
Andrena walleyi	Spokane
Andrena walleyi	Whitman
Andrena angustitarsata	Asotin
Andrena angustitarsata	Ferry
Andrena angustitarsata	King
Andrena angustitarsata	Kittitas
Andrena angustitarsata	Klickitat
Andrena angustitarsata	Lewis
Andrena angustitarsata	Pierce
Andrena angustitarsata	Spokane
Andrena angustitarsata	Thurston
Andrena angustitarsata	Walla Walla
Andrena angustitarsata	Whitman
Andrena orthocarpi	Klickitat
Andrena orthocarpi	Thurston
Andrena pallidifovea	Benton
Andrena pallidifovea	Chelan
Andrena pallidifovea	Kittitas
Andrena pallidifovea	Spokane
Andrena pallidifovea	Thurston
Andrena pallidifovea	Walla Walla
Andrena pallidifovea	Whitman
Andrena pallidifovea	Yakima
Andrena candida	Asotin
Andrena candida	Benton
Andrena candida	Clark
Andrena candida	Island
Andrena candida	King
Andrena candida	Kitsap
Andrena candida	Pacific
Andrena knuthiana	Clallam
Andrena knuthiana	King
Andrena knuthiana	Okanogan
Andrena knuthiana	Pierce
Andrena knuthiana	San Juan
Andrena knuthiana	Snohomish
Andrena knuthiana	Walla Walla
Andrena knuthiana	Whitman
Andrena medionitens	Franklin
Andrena medionitens	Grant
Andrena medionitens	Kittitas
Andrena medionitens	Pierce
Andrena medionitens	Spokane
Andrena medionitens	Walla Walla
Andrena medionitens	Whitman
Andrena trizonata	Pierce
Andrena trizonata	Whitman
Andrena vierecki	King
Andrena vierecki	Kittitas
Andrena vierecki	Klickitat
Andrena vierecki	Thurston
Andrena vierecki	Whitman
Andrena vierecki	Yakima
Andrena w-scripta	Asotin
Andrena w-scripta	Benton
Andrena w-scripta	Chelan
Andrena w-scripta	Clallam
Andrena w-scripta	Ferry
Andrena w-scripta	King
Andrena w-scripta	Kitsap
Andrena w-scripta	Kittitas
Andrena w-scripta	Klickitat
Andrena w-scripta	Pierce
Andrena w-scripta	Snohomish
Andrena w-scripta	Spokane
Andrena w-scripta	Thurston
Andrena w-scripta	Walla Walla
Andrena w-scripta	Whitman
Andrena w-scripta	Yakima
Andrena amphibola	Asotin
Andrena amphibola	Benton
Andrena amphibola	Chelan
Andrena amphibola	Island
Andrena amphibola	Jefferson
Andrena amphibola	King
Andrena amphibola	Kitsap
Andrena amphibola	Kittitas
Andrena amphibola	Klickitat
Andrena amphibola	Mason
Andrena amphibola	Pacific
Andrena amphibola	San Juan
Andrena amphibola	Thurston
Andrena amphibola	Whitman
Andrena cleodora	King
Andrena cleodora	Kitsap
Andrena cleodora	Klickitat
Andrena cleodora	Pierce
Andrena cleodora	Stevens
Andrena cleodora	Whitman
Andrena cleodora	Yakima
Andrena cupreotincta	Benton
Andrena cupreotincta	Ferry
Andrena cupreotincta	Island
Andrena cupreotincta	King
Andrena cupreotincta	Kittitas
Andrena cupreotincta	Lincoln
Andrena cupreotincta	Mason
Andrena cupreotincta	Pacific
Andrena cupreotincta	Pierce
Andrena cupreotincta	San Juan
Andrena cupreotincta	Snohomish
Andrena cupreotincta	Spokane
Andrena cupreotincta	Stevens
Andrena cupreotincta	Walla Walla
Andrena cupreotincta	Whitman
Andrena cyanophila	Spokane
Andrena cyanophila	Whitman
Andrena forbesii	Spokane
Andrena forbesii	Whitman
Andrena fuscicauda	King
Andrena fuscicauda	Kitsap
Andrena fuscicauda	Pacific
Andrena fuscicauda	Pierce
Andrena fuscicauda	Thurston
Andrena hippotes	Benton
Andrena hippotes	Pierce
Andrena hippotes	Whitman
Andrena hippotes	Yakima
Andrena mariae	Lincoln
Andrena mariae	Thurston
Andrena mariae	Whitman
Andrena miranda	Asotin
Andrena miranda	Columbia
Andrena miranda	King
Andrena miranda	Kitsap
Andrena miranda	Klickitat
Andrena miranda	Okanogan
Andrena miranda	Pend Oreille
Andrena miranda	Pierce
Andrena miranda	Spokane
Andrena miranda	Stevens
Andrena miranda	Thurston
Andrena miranda	Walla Walla
Andrena miranda	Whatcom
Andrena miranda	Whitman
Andrena quintiliformis	Okanogan
Andrena quintiliformis	Whitman
Andrena quintiliformis	Yakima
Andrena salicifloris	Clallam
Andrena salicifloris	Grays Harbor
Andrena salicifloris	Island
Andrena salicifloris	Jefferson
Andrena salicifloris	King
Andrena salicifloris	Kitsap
Andrena salicifloris	Klickitat
Andrena salicifloris	Okanogan
Andrena salicifloris	Pacific
Andrena salicifloris	Pierce
Andrena salicifloris	Skagit
Andrena salicifloris	Snohomish
Andrena semipunctata	King
Andrena semipunctata	Kittitas
Andrena semipunctata	Lincoln
Andrena semipunctata	Yakima
Andrena sigmundi	Kitsap
Andrena sigmundi	Thurston
Andrena sigmundi	Whitman
Andrena striatifrons	Benton
Andrena striatifrons	King
Andrena striatifrons	Kittitas
Andrena striatifrons	Pacific
Andrena striatifrons	Pierce
Andrena striatifrons	Thurston
Andrena striatifrons	Whitman
Andrena striatifrons	Yakima
Calliopsis edwardsii	Klickitat
Calliopsis edwardsii	Spokane
Calliopsis personata	Adams
Calliopsis personata	Benton
Calliopsis personata	Franklin
Calliopsis personata	Walla Walla
Calliopsis scutellaris	Adams
Panurginus atriceps	Clark
Panurginus atriceps	Cowlitz
Panurginus atriceps	King
Panurginus atriceps	Skagit
Panurginus atriceps	Thurston
Panurginus atriceps	Whitman
Panurginus atriceps	Yakima
Panurginus ineptus	Clallam
Panurginus ineptus	Pierce
Panurginus ineptus	Skagit
Panurginus nigrellus	Klickitat
Perdita lingualis	Whitman
Perdita ciliata	Chelan
Perdita oregonensis	Benton
Perdita oregonensis	Franklin
Perdita salicis	Asotin
Perdita salicis	Benton
Perdita salicis	Spokane
Perdita salicis	Walla Walla
Perdita salicis	Whitman
Perdita similis	Franklin
Perdita zonalis	Whitman
Perdita nevadensis	Chelan
Perdita nevadensis	Spokane
Perdita wyomingensis	Whitman
Anthophora terminalis	Benton
Anthophora terminalis	Okanogan
Anthophora terminalis	Pierce
Anthophora terminalis	San Juan
Anthophora terminalis	Spokane
Anthophora terminalis	Thurston
Anthophora terminalis	Whatcom
Anthophora terminalis	Whitman
Anthophora affabilis	Whitman
Anthophora pacifica	Benton
Anthophora pacifica	Chelan
Anthophora pacifica	King
Anthophora pacifica	Kittitas
Anthophora pacifica	Okanogan
Anthophora pacifica	Spokane
Anthophora pacifica	Whitman
Anthophora pacifica	Yakima
Anthophora porterae	Benton
Anthophora porterae	Chelan
Anthophora porterae	Garfield
Anthophora porterae	Walla Walla
Anthophora porterae	Whitman
Anthophora porterae	Yakima
Anthophora ursina	Adams
Anthophora ursina	Garfield
Anthophora ursina	Okanogan
Anthophora ursina	Spokane
Anthophora ursina	Walla Walla
Anthophora ursina	Whitman
Anthophora ursina	Yakima
Anthophora bomboides	Chelan
Anthophora bomboides	Clallam
Anthophora bomboides	Garfield
Anthophora bomboides	Island
Anthophora bomboides	Jefferson
Anthophora bomboides	King
Anthophora bomboides	Kittitas
Anthophora bomboides	Pierce
Anthophora bomboides	San Juan
Anthophora bomboides	Spokane
Anthophora bomboides	Thurston
Anthophora bomboides	Walla Walla
Anthophora bomboides	Whatcom
Anthophora bomboides	Whitman
Anthophora bomboides	Yakima
Anthophora occidentalis	Chelan
Anthophora occidentalis	King
Anthophora occidentalis	Whitman
Anthophora occidentalis	Yakima
Anthophora albata	Benton
Anthophora albata	Chelan
Anthophora albata	Douglas
Anthophora curta	Walla Walla
Anthophora exigua	Adams
Anthophora exigua	Grant
Anthophora exigua	Kittitas
Anthophora peritomae	Benton
Anthophora urbana	Benton
Anthophora urbana	Chelan
Anthophora urbana	Douglas
Anthophora urbana	Grant
Anthophora urbana	Jefferson
Anthophora urbana	Kittitas
Anthophora urbana	Klickitat
Anthophora urbana	Okanogan
Anthophora urbana	Walla Walla
Anthophora urbana	Whitman
Anthophora urbana	Yakima
Anthophora crotchii	Adams
Anthophora crotchii	Benton
Anthophora crotchii	Franklin
Anthophora crotchii	Grant
Anthophora crotchii	Walla Walla
Anthophora crotchii	Whitman
Anthophora crotchii	Yakima
Anthophora edwardsii	Douglas
Anthophora edwardsii	Garfield
Anthophora edwardsii	Walla Walla
Anthophora edwardsii	Whitman
Anthophora edwardsii	Yakima
Habropoda cineraria	Adams
Habropoda cineraria	Asotin
Habropoda cineraria	Benton
Habropoda cineraria	Chelan
Habropoda cineraria	Franklin
Habropoda cineraria	King
Habropoda cineraria	Kittitas
Habropoda cineraria	Spokane
Habropoda cineraria	Whitman
Habropoda cineraria	Yakima
Habropoda cressonii	Whitman
Habropoda miserabilis	Jefferson
Habropoda miserabilis	King
Habropoda miserabilis	Okanogan
Habropoda miserabilis	Pacific
Habropoda morrisoni	Benton
Habropoda morrisoni	Franklin
Bombus kirbiellus	Okanogan
Bombus nevadensis	Adams
Bombus nevadensis	Asotin
Bombus nevadensis	Benton
Bombus nevadensis	Chelan
Bombus nevadensis	Clark
Bombus nevadensis	Columbia
Bombus nevadensis	Douglas
Bombus nevadensis	Ferry
Bombus nevadensis	Franklin
Bombus nevadensis	Garfield
Bombus nevadensis	Grant
Bombus nevadensis	Island
Bombus nevadensis	King
Bombus nevadensis	Kitsap
Bombus nevadensis	Kittitas
Bombus nevadensis	Klickitat
Bombus nevadensis	Lincoln
Bombus nevadensis	Okanogan
Bombus nevadensis	Pend Oreille
Bombus nevadensis	Pierce
Bombus nevadensis	San Juan
Bombus nevadensis	Spokane
Bombus nevadensis	Stevens
Bombus nevadensis	Thurston
Bombus nevadensis	Walla Walla
Bombus nevadensis	Whitman
Bombus nevadensis	Yakima
Bombus occidentalis	Benton
Bombus occidentalis	Chelan
Bombus occidentalis	Clallam
Bombus occidentalis	Columbia
Bombus occidentalis	Cowlitz
Bombus occidentalis	Douglas
Bombus occidentalis	Ferry
Bombus occidentalis	Franklin
Bombus occidentalis	Garfield
Bombus occidentalis	Grant
Bombus occidentalis	Grays Harbor
Bombus occidentalis	Island
Bombus occidentalis	Jefferson
Bombus occidentalis	King
Bombus occidentalis	Kitsap
Bombus occidentalis	Kittitas
Bombus occidentalis	Klickitat
Bombus occidentalis	Lewis
Bombus griseocollis	Adams
Bombus griseocollis	Asotin
Bombus griseocollis	Benton
Bombus griseocollis	Chelan
Bombus griseocollis	Clark
Bombus griseocollis	Douglas
Bombus griseocollis	Franklin
Bombus griseocollis	Garfield
Bombus griseocollis	Grant
Bombus griseocollis	Kittitas
Bombus griseocollis	Klickitat
Bombus griseocollis	Lincoln
Bombus griseocollis	Okanogan
Bombus griseocollis	Pierce
Bombus griseocollis	Spokane
Bombus griseocollis	Thurston
Bombus griseocollis	Walla Walla
Bombus griseocollis	Whitman
Bombus griseocollis	Yakima
Bombus morrisoni	Adams
Bombus morrisoni	Asotin
Bombus morrisoni	Benton
Bombus morrisoni	Chelan
Bombus morrisoni	Franklin
Bombus morrisoni	Grant
Bombus morrisoni	Grays Harbor
Bombus morrisoni	Kittitas
Bombus morrisoni	Klickitat
Bombus morrisoni	Okanogan
Bombus morrisoni	Pierce
Bombus morrisoni	Spokane
Bombus morrisoni	Walla Walla
Bombus morrisoni	Whitman
Bombus morrisoni	Yakima
Bombus rufocinctus	Asotin
Bombus rufocinctus	Benton
Bombus rufocinctus	Chelan
Bombus rufocinctus	Clallam
Bombus rufocinctus	Clark
Bombus rufocinctus	Columbia
Bombus rufocinctus	Douglas
Bombus rufocinctus	Ferry
Bombus rufocinctus	Garfield
Bombus rufocinctus	Island
Bombus rufocinctus	Jefferson
Bombus rufocinctus	Kittitas
Bombus rufocinctus	Klickitat
Bombus rufocinctus	Lewis
Bombus rufocinctus	Lincoln
Bombus rufocinctus	Mason
Bombus rufocinctus	Okanogan
Bombus rufocinctus	Pend Oreille
Bombus rufocinctus	Pierce
Bombus rufocinctus	San Juan
Bombus rufocinctus	Skamania
Bombus rufocinctus	Spokane
Bombus rufocinctus	Stevens
Bombus rufocinctus	Thurston
Bombus rufocinctus	Walla Walla
Bombus rufocinctus	Whitman
Bombus rufocinctus	Yakima
Bombus flavidus	Chelan
Bombus flavidus	Clallam
Bombus flavidus	Columbia
Bombus flavidus	Grays Harbor
Bombus flavidus	Island
Bombus flavidus	Jefferson
Bombus flavidus	King
Bombus flavidus	Kitsap
Bombus flavidus	Kittitas
Bombus flavidus	Klickitat
Bombus flavidus	Mason
Bombus flavidus	Okanogan
Bombus flavidus	Pacific
Bombus flavidus	Pend Oreille
Bombus flavidus	Pierce
Bombus flavidus	San Juan
Bombus flavidus	Skagit
Bombus flavidus	Skamania
Bombus flavidus	Snohomish
Bombus flavidus	Thurston
Bombus flavidus	Whatcom
Bombus insularis	Asotin
Bombus insularis	Chelan
Bombus insularis	Clallam
Bombus insularis	Clark
Bombus insularis	Columbia
Bombus insularis	Ferry
Bombus insularis	Garfield
Bombus insularis	Grays Harbor
Bombus insularis	Jefferson
Bombus insularis	King
Bombus insularis	Kitsap
Bombus insularis	Kittitas
Bombus insularis	Klickitat
Bombus insularis	Lewis
Bombus insularis	Lincoln
Bombus insularis	Mason
Bombus insularis	Okanogan
Bombus insularis	Pend Oreille
Bombus insularis	Pierce
Bombus insularis	San Juan
Bombus insularis	Spokane
Bombus insularis	Stevens
Bombus insularis	Whatcom
Bombus insularis	Whitman
Bombus insularis	Yakima
Bombus caliginosus	Clallam
Bombus caliginosus	Clark
Bombus caliginosus	Cowlitz
Bombus caliginosus	Grays Harbor
Bombus caliginosus	Jefferson
Bombus caliginosus	King
Bombus caliginosus	Kitsap
Bombus caliginosus	Lewis
Bombus caliginosus	Mason
Bombus caliginosus	Pacific
Bombus caliginosus	Pierce
Bombus caliginosus	San Juan
Bombus caliginosus	Skamania
Bombus caliginosus	Thurston
Bombus caliginosus	Whatcom
Bombus centralis	Adams
Bombus centralis	Asotin
Bombus centralis	Benton
Bombus centralis	Chelan
Bombus centralis	Columbia
Bombus centralis	Douglas
Bombus centralis	Ferry
Bombus centralis	Garfield
Bombus centralis	Grant
Bombus centralis	King
Bombus centralis	Kittitas
Bombus centralis	Klickitat
Bombus centralis	Lincoln
Bombus centralis	Mason
Bombus centralis	Okanogan
Bombus centralis	Pend Oreille
Bombus centralis	San Juan
Bombus centralis	Skagit
Bombus centralis	Spokane
Bombus centralis	Stevens
Bombus centralis	Walla Walla
Bombus centralis	Whitman
Bombus centralis	Yakima
Bombus flavifrons	Asotin
Bombus flavifrons	Chelan
Bombus flavifrons	Clallam
Bombus flavifrons	Clark
Bombus flavifrons	Columbia
Bombus flavifrons	Cowlitz
Bombus flavifrons	Ferry
Bombus flavifrons	Garfield
Bombus flavifrons	Grays Harbor
Bombus flavifrons	Island
Bombus flavifrons	Jefferson
Bombus flavifrons	King
Bombus flavifrons	Kitsap
Bombus flavifrons	Kittitas
Bombus flavifrons	Klickitat
Bombus flavifrons	Lewis
Bombus flavifrons	Lincoln
Bombus flavifrons	Mason
Bombus flavifrons	Okanogan
Bombus flavifrons	Pend Oreille
Bombus flavifrons	Pierce
Bombus flavifrons	San Juan
Bombus flavifrons	Skagit
Bombus flavifrons	Skamania
Bombus flavifrons	Snohomish
Bombus flavifrons	Spokane
Bombus flavifrons	Stevens
Bombus flavifrons	Thurston
Bombus flavifrons	Wahkiakum
Bombus flavifrons	Walla Walla
Bombus flavifrons	Whatcom
Bombus flavifrons	Whitman
Bombus flavifrons	Yakima
Bombus frigidus	Chelan
Bombus frigidus	Clallam
Bombus frigidus	Cowlitz
Bombus frigidus	Jefferson
Bombus frigidus	King
Bombus frigidus	Kitsap
Bombus frigidus	Okanogan
Bombus frigidus	Thurston
Bombus frigidus	Whatcom
Bombus frigidus	Yakima
Bombus huntii	Adams
Bombus huntii	Asotin
Bombus huntii	Benton
Bombus huntii	Chelan
Bombus huntii	Douglas
Bombus huntii	Ferry
Bombus huntii	Garfield
Bombus huntii	Grant
Bombus huntii	King
Bombus huntii	Kittitas
Bombus huntii	Klickitat
Bombus huntii	Lincoln
Bombus huntii	Okanogan
Bombus huntii	Pierce
Bombus huntii	Spokane
Bombus huntii	Stevens
Bombus huntii	Thurston
Bombus huntii	Walla Walla
Bombus huntii	Whitman
Bombus huntii	Yakima
Bombus lapponicus	Chelan
Bombus lapponicus	Clallam
Bombus lapponicus	Jefferson
Bombus lapponicus	King
Bombus lapponicus	Kittitas
Bombus lapponicus	Lewis
Bombus lapponicus	Lincoln
Bombus lapponicus	Mason
Bombus lapponicus	Okanogan
Bombus lapponicus	Pierce
Bombus lapponicus	San Juan
Bombus lapponicus	Skagit
Bombus lapponicus	Whatcom
Bombus lapponicus	Yakima
Bombus melanopygus	Chelan
Bombus melanopygus	Clallam
Bombus mixtus	Asotin
Bombus mixtus	Chelan
Bombus mixtus	Clallam
Bombus mixtus	Clark
Bombus mixtus	Columbia
Bombus mixtus	Cowlitz
Bombus mixtus	Douglas
Bombus mixtus	Ferry
Bombus mixtus	Garfield
Bombus mixtus	Grays Harbor
Bombus mixtus	Island
Bombus mixtus	Jefferson
Bombus mixtus	King
Bombus mixtus	Kitsap
Bombus mixtus	Kittitas
Bombus mixtus	Klickitat
Bombus mixtus	Lewis
Bombus mixtus	Mason
Bombus mixtus	Okanogan
Bombus mixtus	Pacific
Bombus mixtus	Pend Oreille
Bombus mixtus	Pierce
Bombus mixtus	San Juan
Bombus mixtus	Skagit
Bombus mixtus	Skamania
Bombus mixtus	Snohomish
Bombus mixtus	Spokane
Bombus mixtus	Stevens
Bombus mixtus	Thurston
Bombus mixtus	Wahkiakum
Bombus mixtus	Walla Walla
Bombus mixtus	Whatcom
Bombus mixtus	Whitman
Bombus mixtus	Yakima
Bombus sitkensis	Chelan
Bombus sitkensis	Clallam
Bombus sitkensis	Clark
Bombus sitkensis	Columbia
Bombus sitkensis	Cowlitz
Bombus sitkensis	Grant
Bombus sitkensis	Grays Harbor
Bombus sitkensis	Island
Bombus sitkensis	Jefferson
Bombus sitkensis	King
Bombus sitkensis	Kitsap
Bombus sitkensis	Kittitas
Bombus sitkensis	Klickitat
Bombus sitkensis	Lewis
Bombus sitkensis	Mason
Bombus sitkensis	Okanogan
Bombus sitkensis	Pacific
Bombus sitkensis	Pend Oreille
Bombus sitkensis	Pierce
Bombus sitkensis	San Juan
Bombus sitkensis	Skagit
Bombus sitkensis	Skamania
Bombus sitkensis	Snohomish
Bombus sitkensis	Spokane
Bombus sitkensis	Thurston
Bombus sitkensis	Whatcom
Bombus sitkensis	Whitman
Bombus sitkensis	Yakima
Bombus vagans	Chelan
Bombus vagans	Ferry
Bombus vagans	Lincoln
Bombus vagans	Okanogan
Bombus vagans	Pend Oreille
Bombus vagans	Spokane
Bombus vagans	Stevens
Bombus vagans	Thurston
Bombus vagans	Walla Walla
Bombus vagans	Whitman
Bombus vancouverensis	Asotin
Bombus vancouverensis	Benton
Bombus vancouverensis	Chelan
Bombus vancouverensis	Clallam
Bombus vancouverensis	Columbia
Bombus vancouverensis	Douglas
Bombus vancouverensis	Ferry
Bombus vancouverensis	Garfield
Bombus vancouverensis	Grant
Bombus vancouverensis	Jefferson
Bombus vancouverensis	King
Bombus vancouverensis	Kitsap
Bombus vancouverensis	Kittitas
Bombus vancouverensis	Klickitat
Bombus vancouverensis	Lewis
Bombus vancouverensis	Lincoln
Bombus vancouverensis	Mason
Bombus vancouverensis	Okanogan
Bombus vancouverensis	Pend Oreille
Bombus vancouverensis	Pierce
Bombus vancouverensis	San Juan
Bombus vancouverensis	Skagit
Bombus vancouverensis	Skamania
Bombus vancouverensis	Spokane
Bombus vancouverensis	Stevens
Bombus vancouverensis	Thurston
Bombus vancouverensis	Walla Walla
Bombus vancouverensis	Whatcom
Bombus vancouverensis	Whitman
Bombus vancouverensis	Yakima
Bombus vandykei	Chelan
Bombus vandykei	Clallam
Bombus vandykei	Douglas
Bombus vandykei	Grays Harbor
Bombus vandykei	Jefferson
Bombus vandykei	King
Bombus vandykei	Kittitas
Bombus vandykei	Mason
Bombus vandykei	Okanogan
Bombus vandykei	Pierce
Bombus vandykei	San Juan
Bombus vandykei	Snohomish
Bombus vandykei	Thurston
Bombus vandykei	Whatcom
Bombus vandykei	Whitman
Bombus vandykei	Yakima
Bombus vosnesenskii	Benton
Bombus vosnesenskii	Chelan
Bombus vosnesenskii	Clallam
Bombus vosnesenskii	Clark
Bombus vosnesenskii	Cowlitz
Bombus vosnesenskii	Douglas
Bombus vosnesenskii	Garfield
Bombus vosnesenskii	Grays Harbor
Bombus vosnesenskii	Island
Bombus vosnesenskii	Jefferson
Bombus vosnesenskii	King
Bombus vosnesenskii	Kitsap
Bombus vosnesenskii	Kittitas
Bombus vosnesenskii	Klickitat
Bombus vosnesenskii	Lewis
Bombus vosnesenskii	Lincoln
Bombus vosnesenskii	Mason
Bombus vosnesenskii	Okanogan
Bombus vosnesenskii	Pacific
Bombus vosnesenskii	Pierce
Bombus vosnesenskii	San Juan
Bombus vosnesenskii	Skagit
Bombus vosnesenskii	Skamania
Bombus vosnesenskii	Snohomish
Bombus vosnesenskii	Stevens
Bombus vosnesenskii	Thurston
Bombus vosnesenskii	Wahkiakum
Bombus vosnesenskii	Walla Walla
Bombus vosnesenskii	Whatcom
Bombus vosnesenskii	Whitman
Bombus vosnesenskii	Yakima
Bombus appositus	Asotin
Bombus appositus	Chelan
Bombus appositus	Clallam
Bombus appositus	Clark
Bombus appositus	Columbia
Bombus appositus	Ferry
Bombus appositus	Franklin
Bombus appositus	Garfield
Bombus appositus	Grant
Bombus appositus	King
Bombus appositus	Kitsap
Bombus appositus	Kittitas
Bombus appositus	Klickitat
Bombus appositus	Lincoln
Bombus appositus	Mason
Bombus appositus	Okanogan
Bombus appositus	Pend Oreille
Bombus appositus	San Juan
Bombus appositus	Skagit
Bombus appositus	Spokane
Bombus appositus	Stevens
Bombus appositus	Thurston
Bombus appositus	Walla Walla
Bombus appositus	Whatcom
Diadasia diminuta	Asotin
Diadasia diminuta	Benton
Diadasia diminuta	Chelan
Diadasia diminuta	Walla Walla
Diadasia diminuta	Whatcom
Diadasia diminuta	Whitman
Diadasia diminuta	Yakima
Diadasia lutzi	Benton
Diadasia lutzi	Yakima
Diadasia nigrifrons	Chelan
Diadasia nigrifrons	Kittitas
Diadasia nigrifrons	Whitman
Diadasia nigrifrons	Yakima
Diadasia nitidifrons	Chelan
Diadasia nitidifrons	Yakima
Diadasia ochracea	Whitman
Diadasia ochracea	Yakima
Diadasia enavata	Asotin
Diadasia enavata	Benton
Diadasia enavata	Klickitat
Diadasia enavata	Walla Walla
Diadasia enavata	Whitman
Diadasia enavata	Yakima
Epimelissodes obliquus	Yakima
Eucera actuosa	Benton
Eucera actuosa	Chelan
Eucera actuosa	Garfield
Eucera actuosa	Spokane
Eucera actuosa	Whitman
Eucera amsinckiae	Benton
Eucera amsinckiae	Walla Walla
Eucera amsinckiae	Whitman
Eucera angustifrons	Spokane
Eucera delphinii	Asotin
Eucera delphinii	Garfield
Eucera delphinii	Spokane
Eucera delphinii	Stevens
Eucera delphinii	Whitman
Eucera douglasiana	Benton
Eucera douglasiana	Grant
Eucera edwardsii	Benton
Eucera edwardsii	Chelan
Eucera edwardsii	Franklin
Eucera edwardsii	Garfield
Eucera edwardsii	Grant
Eucera edwardsii	Klickitat
Eucera edwardsii	Spokane
Eucera edwardsii	Walla Walla
Eucera edwardsii	Whitman
Eucera edwardsii	Yakima
Eucera frater	Benton
Eucera frater	Chelan
Eucera frater	Garfield
Eucera frater	Jefferson
Eucera frater	Klickitat
Eucera frater	San Juan
Eucera frater	Stevens
Eucera frater	Thurston
Eucera frater	Walla Walla
Eucera frater	Whitman
Eucera fulvitarsis	Benton
Eucera fulvitarsis	Chelan
Eucera fulvitarsis	Douglas
Eucera fulvitarsis	Garfield
Eucera fulvitarsis	Walla Walla
Eucera fulvitarsis	Yakima
Eucera hurdi	Asotin
Eucera hurdi	Spokane
Eucera hurdi	Whitman
Eucera speciosa	Benton
Melissodes glenwoodensis	Grant
Melissodes lupinus	Benton
Melissodes lupinus	Klickitat
Melissodes lupinus	Walla Walla
Melissodes lupinus	Whitman
Melissodes lupinus	Yakima
Melissodes metenua	Kittitas
Melissodes metenua	Whitman
Melissodes metenua	Yakima
Melissodes plumosus	Yakima
Melissodes stearnsi	Kittitas
Melissodes stearnsi	Okanogan
Melissodes agilis	Adams
Melissodes agilis	Asotin
Melissodes agilis	Benton
Melissodes agilis	Chelan
Melissodes agilis	Douglas
Melissodes agilis	Garfield
Melissodes agilis	Grant
Melissodes agilis	Klickitat
Melissodes agilis	Spokane
Melissodes agilis	Walla Walla
Melissodes agilis	Whitman
Melissodes agilis	Yakima
Melissodes bimatris	Benton
Melissodes bimatris	Franklin
Melissodes bimatris	Grant
Melissodes bimatris	Okanogan
Melissodes bimatris	Walla Walla
Melissodes bimatris	Whitman
Melissodes bimatris	Yakima
Melissodes brevipyga	Benton
Melissodes brevipyga	Yakima
Melissodes grindeliae	Yakima
Melissodes lutulentus	Adams
Melissodes lutulentus	Benton
Melissodes lutulentus	Walla Walla
Melissodes menuachus	Benton
Melissodes menuachus	Grant
Melissodes menuachus	Okanogan
Melissodes menuachus	Walla Walla
Melissodes microstictus	Benton
Melissodes microstictus	Chelan
Melissodes microstictus	Island
Melissodes microstictus	King
Melissodes microstictus	Kitsap
Melissodes microstictus	Kittitas
Melissodes microstictus	Klickitat
Melissodes microstictus	Okanogan
Melissodes microstictus	Pend Oreille
Melissodes microstictus	Pierce
Melissodes microstictus	San Juan
Melissodes microstictus	Spokane
Melissodes microstictus	Thurston
Melissodes microstictus	Walla Walla
Melissodes microstictus	Whatcom
Melissodes microstictus	Whitman
Melissodes microstictus	Yakima
Melissodes pallidisignatus	Benton
Melissodes pallidisignatus	Island
Melissodes pallidisignatus	Jefferson
Melissodes pallidisignatus	Kittitas
Melissodes pallidisignatus	Klickitat
Melissodes pallidisignatus	Okanogan
Melissodes pallidisignatus	Pend Oreille
Melissodes pallidisignatus	Stevens
Melissodes pallidisignatus	Walla Walla
Melissodes pallidisignatus	Whitman
Melissodes pallidisignatus	Yakima
Melissodes paululus	Benton
Melissodes paululus	Walla Walla
Melissodes paululus	Yakima
Melissodes robustior	Adams
Melissodes robustior	Asotin
Melissodes robustior	Benton
Melissodes robustior	Spokane
Melissodes robustior	Walla Walla
Melissodes robustior	Whitman
Melissodes robustior	Yakima
Melissodes saponellus	Benton
Melissodes saponellus	Grant
Melissodes saponellus	Yakima
Melissodes semilupinus	Benton
Melissodes semilupinus	Chelan
Melissodes semilupinus	Walla Walla
Melissodes semilupinus	Whitman
Melissodes semilupinus	Yakima
Melissodes subagilis	Adams
Melissodes subagilis	Benton
Melissodes subagilis	Grant
Melissodes verbesinarum	Adams
Melissodes verbesinarum	Yakima
Melissodes vernalis	Adams
Melissodes vernalis	Benton
Melissodes rivalis	Adams
Melissodes rivalis	Asotin
Melissodes rivalis	Benton
Melissodes rivalis	Columbia
Melissodes rivalis	Garfield
Melissodes rivalis	Grant
Melissodes rivalis	King
Melissodes rivalis	Kittitas
Melissodes rivalis	Klickitat
Melissodes rivalis	Lewis
Melissodes rivalis	Lincoln
Melissodes rivalis	San Juan
Melissodes rivalis	Walla Walla
Melissodes rivalis	Whitman
Melissodes rivalis	Yakima
Melissodes communis	Walla Walla
Melissodes dagosus	Adams
Melissodes dagosus	Benton
Melissodes dagosus	Grant
Melissodes dagosus	Lincoln
Melissodes dagosus	Yakima
Oreopasites vanduzeei	Benton
Epeolus americanus	Benton
Epeolus americanus	Walla Walla
Epeolus compactus	King
Epeolus compactus	Klickitat
Epeolus compactus	Pierce
Epeolus compactus	Thurston
Epeolus emiliae	Benton
Epeolus minimus	Benton
Epeolus minimus	Ferry
Epeolus minimus	Spokane
Epeolus minimus	Thurston
Epeolus novomexicanus	Benton
Epeolus olympiellus	Benton
Epeolus olympiellus	Douglas
Epeolus olympiellus	Garfield
Epeolus olympiellus	San Juan
Epeolus olympiellus	Thurston
Epeolus olympiellus	Whitman
Triepeolus argus	Benton
Triepeolus argus	Yakima
Triepeolus argyreus	Benton
Triepeolus argyreus	Klickitat
Triepeolus argyreus	Walla Walla
Triepeolus argyreus	Yakima
Triepeolus concavus	Adams
Triepeolus concavus	Franklin
Triepeolus concavus	Yakima
Triepeolus grindeliae	Benton
Triepeolus helianthi	Klickitat
Triepeolus helianthi	Whitman
Triepeolus paenepectoralis	Island
Triepeolus paenepectoralis	Jefferson
Triepeolus paenepectoralis	Kitsap
Triepeolus paenepectoralis	Klickitat
Triepeolus paenepectoralis	Okanogan
Triepeolus paenepectoralis	Whitman
Triepeolus texanus	Walla Walla
Triepeolus texanus	Whitman
Triepeolus texanus	Yakima
Triepeolus timberlakei	Whitman
Brachymelecta californica	Benton
Brachymelecta californica	Jefferson
Brachymelecta californica	Whitman
Brachymelecta californica	Yakima
Melecta pacifica	Benton
Melecta pacifica	Okanogan
Melecta pacifica	Spokane
Melecta pacifica	Yakima
Melecta separata	Chelan
Melecta separata	Pierce
Melecta separata	Spokane
Melecta separata	Yakima
Melecta thoracica	Douglas
Melecta thoracica	Spokane
Melecta thoracica	Whitman
Zacosmia maculata	Walla Walla
Nomada aldrichi	Spokane
Nomada articulata	Kitsap
Nomada articulata	Whitman
Nomada bella	King
Nomada bella	Thurston
Nomada civilis	Whitman
Nomada collinsiana	Walla Walla
Nomada coquilletti	Whitman
Nomada cressonii	Thurston
Nomada crotchii	Benton
Nomada crotchii	Walla Walla
Nomada cuneata	Whitman
Nomada edwardsii	Benton
Nomada edwardsii	Kittitas
Nomada edwardsii	Spokane
Nomada edwardsii	Walla Walla
Nomada edwardsii	Whitman
Nomada erythrochroa	Franklin
Nomada erythrochroa	Yakima
Nomada flammigera	Yakima
Nomada grayi	Kittitas
Nomada hesperia	Kittitas
Nomada hesperia	Walla Walla
Nomada hesperia	Whitman
Nomada itamera	Whitman
Nomada jennei	Yakima
Nomada lehighensis	Asotin
Nomada malonella	Whitman
Nomada malonina	Whitman
Nomada mutans	Jefferson
Nomada mutans	Pacific
Nomada mutans	Whitman
Nomada mutans	Yakima
Nomada orcusella	San Juan
Nomada packardiella	Ferry
Nomada packardiella	Whitman
Nomada pascoensis	Benton
Nomada pascoensis	Franklin
Nomada pascoensis	Klickitat
Nomada pascoensis	Walla Walla
Nomada perbella	Grays Harbor
Nomada perbella	King
Nomada perbella	Thurston
Nomada perbella	Whitman
Nomada perplexans	Whitman
Nomada pulsatillae	Spokane
Nomada pulsatillae	Whitman
Nomada scita	Adams
Nomada scita	Benton
Nomada scita	Kittitas
Nomada scita	Walla Walla
Nomada scita	Whitman
Nomada semisuavis	Whitman
Nomada suavis	Clallam
Nomada suavis	Walla Walla
Nomada suavis	Whitman
Nomada texana	Walla Walla
Nomada texana	Whitman
Nomada ultima	Spokane
Ceratina acantha	Chelan
Ceratina acantha	Clallam
Ceratina acantha	Cowlitz
Ceratina acantha	Jefferson
Ceratina acantha	King
Ceratina acantha	Kitsap
Ceratina acantha	Klickitat
Ceratina acantha	Mason
Ceratina acantha	Pierce
Ceratina acantha	San Juan
Ceratina acantha	Spokane
Ceratina acantha	Thurston
Ceratina acantha	Walla Walla
Ceratina acantha	Whitman
Ceratina micheneri	Whatcom
Ceratina nanula	Jefferson
Ceratina nanula	Klickitat
Ceratina nanula	San Juan
Ceratina nanula	Spokane
Ceratina nanula	Thurston
Ceratina nanula	Whitman
Ceratina pacifica	Chelan
Ceratina pacifica	Grant
Ceratina pacifica	Klickitat
Ceratina pacifica	Okanogan
Ceratina pacifica	Spokane
Ceratina pacifica	Whitman
Ceratina sequoiae	Whitman
Colletes compactus	Whitman
Colletes compactus	Yakima
Colletes consors	Clallam
Colletes consors	Okanogan
Colletes consors	Yakima
Colletes delodontus	Franklin
Colletes fulgidus	Asotin
Colletes fulgidus	Benton
Colletes fulgidus	Garfield
Colletes fulgidus	Grant
Colletes fulgidus	Jefferson
Colletes fulgidus	Klickitat
Colletes fulgidus	Okanogan
Colletes fulgidus	San Juan
Colletes fulgidus	Spokane
Colletes fulgidus	Walla Walla
Colletes fulgidus	Whitman
Colletes fulgidus	Yakima
Colletes gypsicolens	Benton
Colletes gypsicolens	Franklin
Colletes gypsicolens	Yakima
Colletes hyalinus	Pacific
Colletes hyalinus	Pend Oreille
Colletes hyalinus	San Juan
Colletes inaequalis	Chelan
Colletes inaequalis	Douglas
Colletes kincaidii	Asotin
Colletes kincaidii	Jefferson
Colletes kincaidii	San Juan
Colletes kincaidii	Spokane
Colletes kincaidii	Thurston
Colletes kincaidii	Whitman
Colletes lutzi	Benton
Colletes lutzi	King
Colletes lutzi	Spokane
Colletes nigrifrons	Chelan
Colletes nigrifrons	Okanogan
Colletes nigrifrons	Skagit
Colletes paniscus	Benton
Colletes paniscus	Pierce
Colletes paniscus	Yakima
Colletes phaceliae	Ferry
Colletes phaceliae	Franklin
Colletes phaceliae	Thurston
Colletes phaceliae	Walla Walla
Colletes simulans	Thurston
Colletes simulans	Yakima
Colletes slevini	Yakima
Hylaeus basalis	King
Hylaeus basalis	Kitsap
Hylaeus basalis	Okanogan
Hylaeus basalis	San Juan
Hylaeus basalis	Skagit
Hylaeus basalis	Thurston
Hylaeus annulatus	Chelan
Hylaeus annulatus	Clallam
Hylaeus annulatus	King
Hylaeus annulatus	Okanogan
Hylaeus annulatus	Skagit
Hylaeus conspicuus	Klickitat
Hylaeus conspicuus	Spokane
Hylaeus conspicuus	Whitman
Hylaeus granulatus	Whitman
Hylaeus mesillae	Benton
Hylaeus mesillae	Chelan
Hylaeus mesillae	Grant
Hylaeus mesillae	Okanogan
Hylaeus mesillae	Walla Walla
Hylaeus mesillae	Yakima
Hylaeus rudbeckiae	Chelan
Hylaeus rudbeckiae	Klickitat
Hylaeus rudbeckiae	Okanogan
Hylaeus rudbeckiae	Spokane
Hylaeus verticalis	Kittitas
Hylaeus calvus	Chelan
Hylaeus coloradensis	Clallam
Hylaeus coloradensis	Kittitas
Hylaeus coloradensis	San Juan
Hylaeus coloradensis	Whitman
Hylaeus nevadensis	Chelan
Hylaeus nevadensis	King
Hylaeus wootoni	Chelan
Hylaeus wootoni	Clallam
Hylaeus wootoni	Ferry
Hylaeus wootoni	Pierce
Hylaeus wootoni	Spokane
Hylaeus wootoni	Yakima
Hylaeus affinis	Whitman
Hylaeus episcopalis	Clallam
Hylaeus episcopalis	King
Hylaeus episcopalis	Klickitat
Hylaeus episcopalis	Pacific
Hylaeus episcopalis	Spokane
Hylaeus episcopalis	Whitman
Agapostemon femoratus	Adams
Agapostemon femoratus	Asotin
Agapostemon femoratus	Benton
Agapostemon femoratus	Chelan
Agapostemon femoratus	Douglas
Agapostemon femoratus	Ferry
Agapostemon femoratus	Franklin
Agapostemon femoratus	Garfield
Agapostemon femoratus	Grant
Agapostemon femoratus	Island
Agapostemon femoratus	Kittitas
Agapostemon femoratus	Mason
Agapostemon femoratus	Okanogan
Agapostemon femoratus	Pacific
Agapostemon femoratus	Spokane
Agapostemon femoratus	Walla Walla
Agapostemon femoratus	Whitman
Agapostemon femoratus	Yakima
Agapostemon texanus	Adams
Agapostemon texanus	Benton
Agapostemon texanus	Clallam
Agapostemon texanus	Douglas
Agapostemon texanus	Franklin
Agapostemon texanus	Garfield
Agapostemon texanus	Grant
Agapostemon texanus	Island
Agapostemon texanus	Jefferson
Agapostemon texanus	King
Agapostemon texanus	Kitsap
Agapostemon texanus	Kittitas
Agapostemon texanus	Klickitat
Agapostemon texanus	Okanogan
Agapostemon texanus	Pacific
Agapostemon texanus	Pierce
Agapostemon texanus	San Juan
Agapostemon texanus	Skagit
Agapostemon texanus	Spokane
Agapostemon texanus	Thurston
Agapostemon texanus	Walla Walla
Agapostemon texanus	Whatcom
Agapostemon texanus	Whitman
Agapostemon texanus	Yakima
Agapostemon virescens	Benton
Agapostemon virescens	Chelan
Agapostemon virescens	Douglas
Agapostemon virescens	Garfield
Agapostemon virescens	Jefferson
Agapostemon virescens	King
Agapostemon virescens	Klickitat
Agapostemon virescens	Lewis
Agapostemon virescens	Okanogan
Agapostemon virescens	Skagit
Agapostemon virescens	Snohomish
Agapostemon virescens	Spokane
Agapostemon virescens	Stevens
Agapostemon virescens	Thurston
Agapostemon virescens	Walla Walla
Agapostemon virescens	Whitman
Agapostemon virescens	Yakima
Halictus farinosus	Benton
Halictus farinosus	Chelan
Halictus farinosus	Douglas
Halictus farinosus	Grant
Halictus farinosus	Klickitat
Halictus farinosus	Okanogan
Halictus farinosus	Pierce
Halictus farinosus	Spokane
Halictus farinosus	Stevens
Halictus farinosus	Walla Walla
Halictus farinosus	Whitman
Halictus farinosus	Yakima
Halictus ligatus	Adams
Halictus ligatus	Benton
Halictus ligatus	Chelan
Halictus ligatus	Douglas
Halictus ligatus	Grant
Halictus ligatus	King
Halictus ligatus	Klickitat
Halictus ligatus	Okanogan
Halictus ligatus	Spokane
Halictus ligatus	Thurston
Halictus ligatus	Walla Walla
Halictus ligatus	Whitman
Halictus ligatus	Yakima
Halictus confusus	Chelan
Halictus confusus	Clallam
Halictus confusus	Jefferson
Halictus confusus	King
Halictus confusus	Klickitat
Halictus confusus	Pacific
Halictus confusus	Pierce
Halictus confusus	San Juan
Halictus confusus	Spokane
Halictus confusus	Thurston
Halictus confusus	Whatcom
Halictus confusus	Whitman
Halictus tripartitus	Benton
Halictus tripartitus	Clallam
Halictus tripartitus	Douglas
Halictus tripartitus	Jefferson
Halictus tripartitus	Kittitas
Halictus tripartitus	Klickitat
Halictus tripartitus	Okanogan
Halictus tripartitus	San Juan
Halictus tripartitus	Spokane
Halictus tripartitus	Stevens
Halictus tripartitus	Thurston
Halictus tripartitus	Walla Walla
Halictus tripartitus	Whitman
Halictus tripartitus	Yakima
Halictus virgatellus	Chelan
Halictus virgatellus	Clallam
Halictus virgatellus	Pierce
Halictus virgatellus	Stevens
Halictus virgatellus	Whatcom
Lasioglossum albipenne	San Juan
Lasioglossum albipenne	Whitman
Lasioglossum albohirtum	Adams
Lasioglossum albohirtum	Benton
Lasioglossum albohirtum	Columbia
Lasioglossum albohirtum	Grant
Lasioglossum albohirtum	Okanogan
Lasioglossum albohirtum	Pierce
Lasioglossum albohirtum	Walla Walla
Lasioglossum albohirtum	Whitman
Lasioglossum albohirtum	Yakima
Lasioglossum brunneiventre	Benton
Lasioglossum brunneiventre	Walla Walla
Lasioglossum brunneiventre	Whitman
Lasioglossum brunneiventre	Yakima
Lasioglossum cressonii	King
Lasioglossum cressonii	Skagit
Lasioglossum cressonii	Snohomish
Lasioglossum cressonii	Stevens
Lasioglossum cressonii	Whatcom
Lasioglossum cressonii	Whitman
Lasioglossum dashwoodi	Garfield
Lasioglossum dashwoodi	Klickitat
Lasioglossum dashwoodi	Okanogan
Lasioglossum dashwoodi	Spokane
Lasioglossum dashwoodi	Whitman
Lasioglossum dashwoodi	Yakima
Lasioglossum diversopunctatum	Benton
Lasioglossum diversopunctatum	Yakima
Lasioglossum helianthi	Adams
Lasioglossum helianthi	Benton
Lasioglossum helianthi	Grant
Lasioglossum helianthi	Grays Harbor
Lasioglossum helianthi	Okanogan
Lasioglossum helianthi	Pierce
Lasioglossum helianthi	Walla Walla
Lasioglossum helianthi	Whitman
Lasioglossum helianthi	Yakima
Lasioglossum hyalinum	Adams
Lasioglossum hyalinum	Benton
Lasioglossum hyalinum	Chelan
Lasioglossum hyalinum	Grant
Lasioglossum hyalinum	Yakima
Lasioglossum incompletum	Asotin
Lasioglossum incompletum	Benton
Lasioglossum incompletum	Chelan
Lasioglossum incompletum	Garfield
Lasioglossum incompletum	Grant
Lasioglossum incompletum	Island
Lasioglossum incompletum	Kittitas
Lasioglossum incompletum	Klickitat
Lasioglossum incompletum	San Juan
Lasioglossum incompletum	Spokane
Lasioglossum incompletum	Walla Walla
Lasioglossum incompletum	Whitman
Lasioglossum incompletum	Yakima
Lasioglossum knereri	Asotin
Lasioglossum knereri	Clark
Lasioglossum knereri	Island
Lasioglossum knereri	King
Lasioglossum knereri	Klickitat
Lasioglossum knereri	Okanogan
Lasioglossum knereri	San Juan
Lasioglossum knereri	Skagit
Lasioglossum knereri	Spokane
Lasioglossum knereri	Whitman
Lasioglossum knereri	Yakima
Lasioglossum laevissimum	Benton
Lasioglossum laevissimum	Clark
Lasioglossum laevissimum	Grant
Lasioglossum laevissimum	Grays Harbor
Lasioglossum laevissimum	Island
Lasioglossum laevissimum	King
Lasioglossum laevissimum	Okanogan
Lasioglossum laevissimum	Pacific
Lasioglossum laevissimum	Pierce
Lasioglossum laevissimum	San Juan
Lasioglossum laevissimum	Skagit
Lasioglossum laevissimum	Snohomish
Lasioglossum laevissimum	Stevens
Lasioglossum laevissimum	Whatcom
Lasioglossum laevissimum	Whitman
Lasioglossum longicorne	San Juan
Lasioglossum macroprosopum	Benton
Lasioglossum macroprosopum	Kittitas
Lasioglossum macroprosopum	Skagit
Lasioglossum macroprosopum	Spokane
Lasioglossum macroprosopum	Walla Walla
Lasioglossum macroprosopum	Whitman
Lasioglossum macroprosopum	Yakima
Lasioglossum marinense	Asotin
Lasioglossum marinense	Okanogan
Lasioglossum marinense	San Juan
Lasioglossum marinense	Stevens
Lasioglossum nevadense	Asotin
Lasioglossum nevadense	Benton
Lasioglossum nevadense	Chelan
Lasioglossum nevadense	Clark
Lasioglossum nevadense	Cowlitz
Lasioglossum nevadense	Okanogan
Lasioglossum nevadense	San Juan
Lasioglossum nevadense	Spokane
Lasioglossum nevadense	Walla Walla
Lasioglossum nevadense	Whitman
Lasioglossum nevadense	Yakima
Lasioglossum nigroviride	Chelan
Lasioglossum nigroviride	Pend Oreille
Lasioglossum novascotiae	Benton
Lasioglossum novascotiae	Okanogan
Lasioglossum novascotiae	Spokane
Lasioglossum novascotiae	Stevens
Lasioglossum novascotiae	Walla Walla
Lasioglossum novascotiae	Whatcom
Lasioglossum novascotiae	Whitman
Lasioglossum novascotiae	Yakima
Lasioglossum pacatum	Okanogan
Lasioglossum pacatum	San Juan
Lasioglossum pallidellum	Benton
Lasioglossum pallidellum	Grant
Lasioglossum perdifficile	Benton
Lasioglossum perdifficile	Walla Walla
Lasioglossum platyparius	Whitman
Lasioglossum prasinogaster	Adams
Lasioglossum prasinogaster	Benton
Lasioglossum prasinogaster	Garfield
Lasioglossum prasinogaster	Franklin
Lasioglossum prasinogaster	Grant
Lasioglossum prasinogaster	Klickitat
Lasioglossum prasinogaster	Okanogan
Lasioglossum prasinogaster	Spokane
Lasioglossum prasinogaster	Whitman
Lasioglossum prasinogaster	Yakima
Lasioglossum pruinosum	Benton
Lasioglossum pruinosum	Douglas
Lasioglossum pruinosum	Garfield
Lasioglossum pruinosum	Okanogan
Lasioglossum pruinosum	Walla Walla
Lasioglossum pruinosum	Whitman
Lasioglossum pruinosum	Yakima
Lasioglossum punctatoventre	Benton
Lasioglossum punctatoventre	Okanogan
Lasioglossum punctatoventre	Spokane
Lasioglossum punctatoventre	Whitman
Lasioglossum reasbeckae	Thurston
Lasioglossum ruidosense	Asotin
Lasioglossum ruidosense	Benton
Lasioglossum ruidosense	Clallam
Lasioglossum ruidosense	Clark
Lasioglossum ruidosense	Grant
Lasioglossum ruidosense	Okanogan
Lasioglossum ruidosense	Skagit
Lasioglossum ruidosense	Spokane
Lasioglossum ruidosense	Stevens
Lasioglossum ruidosense	Thurston
Lasioglossum ruidosense	Whitman
Lasioglossum sandhousiellum	Okanogan
Lasioglossum sedi	Asotin
Lasioglossum sedi	Chelan
Lasioglossum sedi	King
Lasioglossum sedi	Klickitat
Lasioglossum sedi	Okanogan
Lasioglossum sedi	Whitman
Lasioglossum sedi	Yakima
Lasioglossum tegulariforme	Benton
Lasioglossum tegulariforme	Grant
Lasioglossum tegulariforme	Stevens
Lasioglossum tegulariforme	Walla Walla
Lasioglossum tegulariforme	Whitman
Lasioglossum tenax	Okanogan
Lasioglossum tenax	Pierce
Lasioglossum tenax	Thurston
Lasioglossum zephyrus	Benton
Lasioglossum zephyrus	Clark
Lasioglossum zephyrus	Spokane
Lasioglossum zephyrus	Walla Walla
Lasioglossum zephyrus	Whitman
Lasioglossum zephyrus	Yakima
Lasioglossum argemonis	Asotin
Lasioglossum argemonis	Chelan
Lasioglossum argemonis	Columbia
Lasioglossum argemonis	Whitman
Lasioglossum argemonis	Yakima
Lasioglossum robustum	Clark
Lasioglossum aspilurus	Benton
Lasioglossum aspilurus	Walla Walla
Lasioglossum aspilurus	Whitman
Lasioglossum glabriventre	Benton
Lasioglossum glabriventre	Cowlitz
Lasioglossum glabriventre	Garfield
Lasioglossum glabriventre	Klickitat
Lasioglossum glabriventre	Spokane
Lasioglossum glabriventre	Walla Walla
Lasioglossum glabriventre	Whitman
Lasioglossum glabriventre	Yakima
Lasioglossum inconditum	Asotin
Lasioglossum inconditum	Clallam
Lasioglossum inconditum	Cowlitz
Lasioglossum inconditum	Island
Lasioglossum inconditum	King
Lasioglossum inconditum	Klickitat
Lasioglossum inconditum	Lewis
Lasioglossum inconditum	San Juan
Lasioglossum inconditum	Skagit
Lasioglossum inconditum	Spokane
Lasioglossum inconditum	Stevens
Lasioglossum inconditum	Thurston
Lasioglossum inconditum	Whitman
Lasioglossum inconditum	Yakima
Lasioglossum kincaidii	Benton
Lasioglossum kincaidii	Clark
Lasioglossum kincaidii	Grant
Lasioglossum kincaidii	Jefferson
Lasioglossum kincaidii	King
Lasioglossum kincaidii	Klickitat
Lasioglossum kincaidii	Pacific
Lasioglossum kincaidii	Pierce
Lasioglossum kincaidii	Spokane
Lasioglossum kincaidii	Thurston
Lasioglossum kincaidii	Walla Walla
Lasioglossum kincaidii	Whitman
Lasioglossum kincaidii	Yakima
Lasioglossum ovaliceps	Asotin
Lasioglossum ovaliceps	Chelan
Lasioglossum ovaliceps	Clark
Lasioglossum ovaliceps	King
Lasioglossum ovaliceps	Lewis
Lasioglossum ovaliceps	Okanogan
Lasioglossum ovaliceps	San Juan
Lasioglossum ovaliceps	Snohomish
Lasioglossum ovaliceps	Thurston
Lasioglossum ovaliceps	Whitman
Lasioglossum ovaliceps	Yakima
Lasioglossum sequoiae	San Juan
Lasioglossum athabascense	Asotin
Lasioglossum athabascense	Island
Lasioglossum athabascense	King
Lasioglossum athabascense	Okanogan
Lasioglossum athabascense	Pend Oreille
Lasioglossum athabascense	San Juan
Lasioglossum athabascense	Stevens
Lasioglossum athabascense	Whitman
Lasioglossum colatum	Asotin
Lasioglossum colatum	King
Lasioglossum colatum	Skagit
Lasioglossum colatum	Stevens
Lasioglossum colatum	Thurston
Lasioglossum colatum	Walla Walla
Lasioglossum colatum	Whitman
Lasioglossum egregium	Chelan
Lasioglossum egregium	Columbia
Lasioglossum egregium	Cowlitz
Lasioglossum egregium	Grant
Lasioglossum egregium	Island
Lasioglossum egregium	Klickitat
Lasioglossum egregium	Lincoln
Lasioglossum egregium	Mason
Lasioglossum egregium	Okanogan
Lasioglossum egregium	Pend Oreille
Lasioglossum egregium	San Juan
Lasioglossum egregium	Spokane
Lasioglossum egregium	Thurston
Lasioglossum egregium	Walla Walla
Lasioglossum egregium	Whatcom
Lasioglossum egregium	Whitman
Lasioglossum egregium	Yakima
Lasioglossum heterorhinus	Thurston
Lasioglossum mellipes	Douglas
Lasioglossum mellipes	Island
Lasioglossum mellipes	King
Lasioglossum mellipes	Kittitas
Lasioglossum mellipes	Klickitat
Lasioglossum mellipes	Pierce
Lasioglossum mellipes	San Juan
Lasioglossum mellipes	Stevens
Lasioglossum mellipes	Walla Walla
Lasioglossum olympiae	Asotin
Lasioglossum olympiae	Island
Lasioglossum olympiae	Klickitat
Lasioglossum olympiae	Pierce
Lasioglossum olympiae	San Juan
Lasioglossum olympiae	Spokane
Lasioglossum olympiae	Thurston
Lasioglossum olympiae	Walla Walla
Lasioglossum olympiae	Whitman
Lasioglossum olympiae	Yakima
Lasioglossum pacificum	Clark
Lasioglossum pacificum	Island
Lasioglossum pacificum	Jefferson
Lasioglossum pacificum	King
Lasioglossum pacificum	Kitsap
Lasioglossum pacificum	Pacific
Lasioglossum pacificum	Pierce
Lasioglossum pacificum	San Juan
Lasioglossum pacificum	Skagit
Lasioglossum pacificum	Thurston
Lasioglossum pacificum	Yakima
Lasioglossum pavonotus	Grays Harbor
Lasioglossum pavonotus	Pacific
Lasioglossum sisymbrii	Asotin
Lasioglossum sisymbrii	Benton
Lasioglossum sisymbrii	Chelan
Lasioglossum sisymbrii	Clark
Lasioglossum sisymbrii	Columbia
Lasioglossum sisymbrii	Garfield
Lasioglossum sisymbrii	Grant
Lasioglossum sisymbrii	Island
Lasioglossum sisymbrii	King
Lasioglossum sisymbrii	Kittitas
Lasioglossum sisymbrii	Klickitat
Lasioglossum sisymbrii	Okanogan
Lasioglossum sisymbrii	San Juan
Lasioglossum sisymbrii	Skagit
Lasioglossum sisymbrii	Spokane
Lasioglossum sisymbrii	Stevens
Lasioglossum sisymbrii	Thurston
Lasioglossum sisymbrii	Walla Walla
Lasioglossum sisymbrii	Whitman
Lasioglossum sisymbrii	Yakima
Lasioglossum titusi	Benton
Lasioglossum titusi	Chelan
Lasioglossum titusi	Grays Harbor
Lasioglossum titusi	Island
Lasioglossum titusi	Klickitat
Lasioglossum titusi	Pierce
Lasioglossum titusi	Spokane
Lasioglossum titusi	Thurston
Lasioglossum titusi	Walla Walla
Lasioglossum titusi	Whitman
Lasioglossum titusi	Yakima
Lasioglossum trizonatum	Adams
Lasioglossum trizonatum	Benton
Lasioglossum trizonatum	San Juan
Lasioglossum trizonatum	Stevens
Lasioglossum trizonatum	Thurston
Lasioglossum trizonatum	Walla Walla
Lasioglossum trizonatum	Whatcom
Lasioglossum trizonatum	Whitman
Lasioglossum trizonatum	Yakima
Lasioglossum aberrans	Adams
Lasioglossum aberrans	Spokane
Lasioglossum allonotus	Chelan
Lasioglossum allonotus	Yakima
Lasioglossum cooleyi	Jefferson
Lasioglossum cooleyi	Klickitat
Lasioglossum cooleyi	Okanogan
Lasioglossum cooleyi	San Juan
Lasioglossum cooleyi	Skagit
Lasioglossum cooleyi	Spokane
Lasioglossum cooleyi	Stevens
Lasioglossum cooleyi	Walla Walla
Lasioglossum cooleyi	Whitman
Lasioglossum cordleyi	Clark
Lasioglossum lusorium	Benton
Lasioglossum lusorium	Grant
Lasioglossum lusorium	Walla Walla
Lasioglossum lusorium	Yakima
Lasioglossum occultum	Skagit
Lasioglossum occultum	Thurston
Lasioglossum orthocarpi	Island
Lasioglossum orthocarpi	San Juan
Sphecodes arvensiformis	Cowlitz
Sphecodes arvensiformis	Thurston
Sphecodes arvensiformis	Walla Walla
Sphecodes columbiae	Grant
Sphecodes hesperellus	Thurston
Sphecodes kincaidii	Thurston
Sphecodes manni	Whitman
Sphecodes minor	Thurston
Sphecodes olympicus	Pacific
Sphecodes olympicus	Thurston
Sphecodes washingtoni	Thurston
Nomia melanderi	Benton
Nomia melanderi	Walla Walla
Nomia melanderi	Whitman
Nomia melanderi	Yakima
Dufourea calochorti	Yakima
Dufourea campanulae	Clallam
Dufourea campanulae	Kittitas
Dufourea campanulae	Klickitat
Dufourea campanulae	Pierce
Dufourea campanulae	Thurston
Dufourea holocyanea	Asotin
Dufourea holocyanea	Kittitas
Dufourea holocyanea	Klickitat
Dufourea holocyanea	Stevens
Dufourea holocyanea	Yakima
Dufourea maura	Clallam
Dufourea maura	Okanogan
Dufourea maura	Spokane
Dufourea trochantera	Clallam
Dufourea trochantera	Okanogan
Dufourea trochantera	Yakima
Anthidiellum notatum	Lincoln
Anthidiellum notatum	Spokane
Anthidiellum robertsoni	Benton
Anthidiellum robertsoni	Chelan
Anthidiellum robertsoni	Klickitat
Anthidium atrifrons	Asotin
Anthidium atrifrons	Columbia
Anthidium atrifrons	Whitman
Anthidium atrifrons	Yakima
Anthidium banningense	Benton
Anthidium banningense	Garfield
Anthidium clypeodentatum	Benton
Anthidium clypeodentatum	Spokane
Anthidium edwardsii	Grant
Anthidium emarginatum	Adams
Anthidium emarginatum	Benton
Anthidium emarginatum	Jefferson
Anthidium emarginatum	Lincoln
Anthidium emarginatum	Whitman
Anthidium formosum	Spokane
Anthidium mormonum	Kittitas
Anthidium mormonum	Klickitat
Anthidium mormonum	Okanogan
Anthidium mormonum	Spokane
Anthidium tenuiflorae	Kittitas
Anthidium tenuiflorae	Okanogan
Anthidium tenuiflorae	San Juan
Anthidium tenuiflorae	Skagit
Anthidium utahense	Grant
Anthidium utahense	Klickitat
Anthidium utahense	Spokane
Anthidium utahense	Walla Walla
Anthidium utahense	Whitman
Anthidium utahense	Yakima
Dianthidium curvatum	Garfield
Dianthidium heterulkei	Okanogan
Dianthidium parvum	Thurston
Dianthidium plenum	Klickitat
Dianthidium pudicum	Benton
Dianthidium pudicum	Spokane
Dianthidium pudicum	Walla Walla
Dianthidium subparvum	Chelan
Dianthidium subparvum	Okanogan
Dianthidium subparvum	Spokane
Dianthidium subparvum	Thurston
Dianthidium subparvum	Walla Walla
Dianthidium subparvum	Whitman
Dianthidium ulkei	Klickitat
Dianthidium ulkei	Okanogan
Dianthidium ulkei	Pierce
Dianthidium ulkei	Spokane
Stelis laticincta	Benton
Stelis laticincta	Clark
Stelis laticincta	Douglas
Stelis laticincta	Klickitat
Stelis calliphorina	Spokane
Stelis calliphorina	Whitman
Stelis callura	Adams
Stelis callura	Benton
Stelis callura	Spokane
Stelis callura	Whitman
Stelis foederalis	Spokane
Stelis holocyanea	Spokane
Stelis lateralis	Spokane
Stelis lateralis	Walla Walla
Stelis montana	Benton
Stelis montana	Chelan
Stelis montana	Kittitas
Stelis montana	Okanogan
Stelis montana	Stevens
Stelis montana	Thurston
Stelis montana	Walla Walla
Stelis montana	Yakima
Stelis monticola	King
Stelis monticola	San Juan
Stelis monticola	Spokane
Stelis nitida	King
Stelis occidentalis	Spokane
Stelis pavonina	Lincoln
Stelis pavonina	Spokane
Stelis rubi	King
Stelis rubi	Thurston
Stelis subcaerulea	Okanogan
Stelis subcaerulea	Whitman
Stelis subemarginata	Benton
Stelis subemarginata	Okanogan
Stelis subemarginata	Spokane
Stelis subemarginata	Walla Walla
Stelis subemarginata	Whitman
Stelis subglauca	Spokane
Dioxys aurifuscus	Grant
Dioxys pacificus	Benton
Dioxys pomonae	Pierce
Dioxys pomonae	Spokane
Dioxys productus	Spokane
Coelioxys moestus	Okanogan
Coelioxys moestus	Thurston
Coelioxys octodentatus	Kittitas
Coelioxys octodentatus	Walla Walla
Coelioxys octodentatus	Yakima
Coelioxys rufitarsis	Benton
Coelioxys rufitarsis	Chelan
Coelioxys rufitarsis	Clallam
Coelioxys rufitarsis	Ferry
Coelioxys rufitarsis	Franklin
Coelioxys rufitarsis	Jefferson
Coelioxys rufitarsis	King
Coelioxys rufitarsis	Kittitas
Coelioxys rufitarsis	Lewis
Coelioxys rufitarsis	Okanogan
Coelioxys rufitarsis	San Juan
Coelioxys rufitarsis	Thurston
Coelioxys rufitarsis	Walla Walla
Coelioxys rufitarsis	Whitman
Coelioxys rufitarsis	Yakima
Coelioxys sodalis	Clallam
Coelioxys sodalis	Okanogan
Coelioxys sodalis	Thurston
Coelioxys edita	Asotin
Coelioxys grindeliae	Benton
Coelioxys mesae	Grant
Coelioxys serricaudatus	Spokane
Coelioxys serricaudatus	Whitman
Megachile parallela	Asotin
Megachile parallela	Benton
Megachile parallela	Walla Walla
Megachile parallela	Whitman
Megachile parallela	Yakima
Megachile angelarum	Benton
Megachile angelarum	Chelan
Megachile angelarum	King
Megachile angelarum	Thurston
Megachile angelarum	Walla Walla
Megachile angelarum	Whitman
Megachile brevis	Benton
Megachile brevis	Garfield
Megachile brevis	Skamania
Megachile brevis	Spokane
Megachile brevis	Thurston
Megachile brevis	Walla Walla
Megachile brevis	Whitman
Megachile brevis	Yakima
Megachile cleomis	Grant
Megachile cleomis	Whitman
Megachile cleomis	Yakima
Megachile coquilletti	Benton
Megachile coquilletti	Chelan
Megachile coquilletti	Walla Walla
Megachile coquilletti	Whitman
Megachile coquilletti	Yakima
Megachile mendica	Kittitas
Megachile mendica	Whitman
Megachile onobrychidis	Benton
Megachile onobrychidis	Clark
Megachile onobrychidis	Ferry
Megachile onobrychidis	Garfield
Megachile onobrychidis	Grant
Megachile onobrychidis	Klickitat
Megachile onobrychidis	Spokane
Megachile onobrychidis	Walla Walla
Megachile onobrychidis	Whitman
Megachile onobrychidis	Yakima
Megachile snowi	Whitman
Megachile centuncularis	Okanogan
Megachile centuncularis	Pierce
Megachile centuncularis	Whitman
Megachile montivaga	Benton
Megachile montivaga	Grant
Megachile montivaga	Kittitas
Megachile montivaga	Klickitat
Megachile montivaga	Okanogan
Megachile montivaga	Pierce
Megachile montivaga	Spokane
Megachile montivaga	Thurston
Megachile montivaga	Wahkiakum
Megachile montivaga	Walla Walla
Megachile montivaga	Whitman
Megachile montivaga	Yakima
Megachile relativa	Chelan
Megachile relativa	Clallam
Megachile relativa	Clark
Megachile relativa	Jefferson
Megachile relativa	King
Megachile relativa	Mason
Megachile relativa	Okanogan
Megachile relativa	Pierce
Megachile relativa	Thurston
Megachile relativa	Whitman
Megachile relativa	Yakima
Megachile anograe	Asotin
Megachile anograe	Benton
Megachile anograe	Grant
Megachile gravita	Klickitat
Megachile gravita	Thurston
Megachile legalis	Grant
Megachile nevadensis	Benton
Megachile nevadensis	Yakima
Megachile pascoensis	Franklin
Megachile pascoensis	Spokane
Megachile pascoensis	Thurston
Megachile pascoensis	Whitman
Megachile subnigra	Adams
Megachile subnigra	Benton
Megachile subnigra	Grant
Megachile subnigra	Whitman
Megachile subnigra	Yakima
Megachile umatillensis	Benton
Megachile umatillensis	Spokane
Megachile umatillensis	Walla Walla
Megachile wheeleri	Benton
Megachile wheeleri	Spokane
Megachile wheeleri	Yakima
Megachile fidelis	Benton
Megachile fidelis	Chelan
Megachile fidelis	Ferry
Megachile fidelis	King
Megachile fidelis	Kitsap
Megachile fidelis	Kittitas
Megachile fidelis	Okanogan
Megachile fidelis	Thurston
Megachile mellitarsis	Grant
Megachile mellitarsis	Yakima
Megachile pugnata	Chelan
Megachile pugnata	Ferry
Megachile pugnata	King
Megachile pugnata	Kitsap
Megachile pugnata	Okanogan
Megachile pugnata	San Juan
Megachile pugnata	Spokane
Megachile pugnata	Thurston
Megachile pugnata	Walla Walla
Megachile pugnata	Whitman
Megachile pugnata	Yakima
Megachile dentitarsus	San Juan
Megachile dentitarsus	Yakima
Megachile frigida	Grays Harbor
Megachile frigida	King
Megachile frigida	Lewis
Megachile frigida	Okanogan
Megachile frigida	Thurston
Megachile frigida	Walla Walla
Megachile frigida	Yakima
Megachile gemula	Okanogan
Megachile gemula	San Juan
Megachile gemula	Thurston
Megachile melanophaea	Chelan
Megachile melanophaea	Clallam
Megachile melanophaea	Jefferson
Megachile melanophaea	King
Megachile melanophaea	Okanogan
Megachile melanophaea	Pierce
Megachile melanophaea	San Juan
Megachile melanophaea	Skamania
Megachile melanophaea	Thurston
Megachile melanophaea	Wahkiakum
Megachile melanophaea	Yakima
Megachile perihirta	Benton
Megachile perihirta	Chelan
Megachile perihirta	Clallam
Megachile perihirta	Douglas
Megachile perihirta	Ferry
Megachile perihirta	Garfield
Megachile perihirta	Grant
Megachile perihirta	Island
Megachile perihirta	Jefferson
Megachile perihirta	King
Megachile perihirta	Kitsap
Megachile perihirta	Kittitas
Megachile perihirta	Klickitat
Megachile perihirta	Okanogan
Megachile perihirta	Pierce
Megachile perihirta	San Juan
Megachile perihirta	Skamania
Megachile perihirta	Snohomish
Megachile perihirta	Spokane
Megachile perihirta	Stevens
Megachile perihirta	Thurston
Megachile perihirta	Wahkiakum
Megachile perihirta	Walla Walla
Megachile perihirta	Whatcom
Megachile perihirta	Whitman
Megachile perihirta	Yakima
Ashmeadiella foxiella	Yakima
Ashmeadiella aridula	Spokane
Ashmeadiella aridula	Whitman
Ashmeadiella aridula	Yakima
Ashmeadiella cactorum	King
Ashmeadiella cactorum	Okanogan
Ashmeadiella cactorum	Thurston
Ashmeadiella cubiceps	Okanogan
Ashmeadiella meliloti	Spokane
Atoposmia elongata	Okanogan
Atoposmia elongata	Pierce
Atoposmia copelandica	Okanogan
Atoposmia copelandica	Stevens
Chelostoma minutum	Okanogan
Chelostoma minutum	Spokane
Chelostoma phaceliae	Asotin
Chelostoma phaceliae	Benton
Chelostoma phaceliae	Walla Walla
Heriades carinata	Cowlitz
Heriades carinata	King
Heriades carinata	Thurston
Heriades carinata	Yakima
Heriades cressoni	Chelan
Heriades cressoni	Okanogan
Heriades occidentalis	Yakima
Heriades variolosa	Stevens
Heriades variolosa	Yakima
Hoplitis albifrons	Chelan
Hoplitis albifrons	Clallam
Hoplitis albifrons	Columbia
Hoplitis albifrons	Kittitas
Hoplitis albifrons	Klickitat
Hoplitis albifrons	Okanogan
Hoplitis albifrons	Pierce
Hoplitis albifrons	San Juan
Hoplitis albifrons	Spokane
Hoplitis albifrons	Stevens
Hoplitis albifrons	Thurston
Hoplitis albifrons	Yakima
Hoplitis fulgida	Clallam
Hoplitis fulgida	Columbia
Hoplitis fulgida	Ferry
Hoplitis fulgida	Grant
Hoplitis fulgida	Kittitas
Hoplitis fulgida	Okanogan
Hoplitis fulgida	Pierce
Hoplitis fulgida	Spokane
Hoplitis fulgida	Stevens
Hoplitis fulgida	Yakima
Hoplitis grinnelli	Benton
Hoplitis grinnelli	Garfield
Hoplitis grinnelli	Grant
Hoplitis grinnelli	Klickitat
Hoplitis grinnelli	Lewis
Hoplitis grinnelli	Okanogan
Hoplitis grinnelli	Spokane
Hoplitis grinnelli	Thurston
Hoplitis grinnelli	Whitman
Hoplitis hypocrita	Benton
Hoplitis hypocrita	Garfield
Hoplitis hypocrita	Spokane
Hoplitis hypocrita	Whitman
Hoplitis hypocrita	Yakima
Hoplitis louisae	Benton
Hoplitis louisae	Kittitas
Hoplitis louisae	Thurston
Hoplitis louisae	Yakima
Hoplitis producta	Benton
Hoplitis producta	Klickitat
Hoplitis producta	Okanogan
Hoplitis producta	Skamania
Hoplitis producta	Spokane
Hoplitis producta	Thurston
Hoplitis producta	Wahkiakum
Hoplitis producta	Whitman
Hoplitis sambuci	Garfield
Hoplitis sambuci	Klickitat
Hoplitis sambuci	Spokane
Hoplitis sambuci	Walla Walla
Hoplitis sambuci	Whitman
Hoplitis spoliata	Whitman
Hoplitis uvulalis	Okanogan
Hoplitis viridimicans	Thurston
Hoplitis robusta	Chelan
Hoplitis robusta	Garfield
Hoplitis robusta	Okanogan
Hoplitis orthognatha	Asotin
Osmia californica	Benton
Osmia californica	Chelan
Osmia californica	Franklin
Osmia californica	Grant
Osmia californica	Kittitas
Osmia californica	Klickitat
Osmia californica	Lincoln
Osmia californica	Okanogan
Osmia californica	Spokane
Osmia californica	Stevens
Osmia californica	Walla Walla
Osmia californica	Whitman
Osmia californica	Yakima
Osmia grinnelli	Yakima
Osmia marginipennis	Chelan
Osmia marginipennis	Okanogan
Osmia marginipennis	Stevens
Osmia marginipennis	Whitman
Osmia marginipennis	Yakima
Osmia montana	Douglas
Osmia montana	Kittitas
Osmia montana	Klickitat
Osmia montana	Okanogan
Osmia montana	Spokane
Osmia montana	Stevens
Osmia montana	Whitman
Osmia montana	Yakima
Osmia subaustralis	Clallam
Osmia subaustralis	Okanogan
Osmia subaustralis	Spokane
Osmia subaustralis	Stevens
Osmia subaustralis	Walla Walla
Osmia subaustralis	Whitman
Osmia iridis	Garfield
Osmia iridis	Spokane
Osmia coloradensis	Chelan
Osmia coloradensis	Clallam
Osmia coloradensis	Island
Osmia coloradensis	King
Osmia coloradensis	Kittitas
Osmia coloradensis	Klickitat
Osmia coloradensis	Lewis
Osmia texana	Asotin
Osmia texana	Clark
Osmia texana	Klickitat
Osmia texana	Pierce
Osmia texana	Wahkiakum
Osmia texana	Whitman
Osmia texana	Yakima
Osmia aglaia	Whitman
Osmia albolateralis	Benton
Osmia albolateralis	Chelan
Osmia albolateralis	Garfield
Osmia albolateralis	Kittitas
Osmia albolateralis	Klickitat
Osmia albolateralis	Lincoln
Osmia albolateralis	Okanogan
Osmia albolateralis	Skagit
Osmia albolateralis	Skamania
Osmia albolateralis	Spokane
Osmia albolateralis	Stevens
Osmia albolateralis	Wahkiakum
Osmia albolateralis	Whitman
Osmia albolateralis	Yakima
Osmia atriventris	Whitman
Osmia atrocyanea	Chelan
Osmia atrocyanea	Clark
Osmia atrocyanea	Garfield
Osmia atrocyanea	Klickitat
Osmia atrocyanea	Lincoln
Osmia atrocyanea	Okanogan
Osmia atrocyanea	Spokane
Osmia atrocyanea	Stevens
Osmia atrocyanea	Thurston
Osmia atrocyanea	Walla Walla
Osmia atrocyanea	Whitman
Osmia atrocyanea	Yakima
Osmia austromaritima	Benton
Osmia austromaritima	Spokane
Osmia bella	Grant
Osmia bella	Kittitas
Osmia bella	Klickitat
Osmia bella	Okanogan
Osmia bella	Pierce
Osmia bella	San Juan
Osmia brevis	Kittitas
Osmia brevis	Klickitat
Osmia brevis	Okanogan
Osmia brevis	Spokane
Osmia brevis	Stevens
Osmia brevis	Whitman
Osmia brevis	Yakima
Osmia bruneri	Benton
Osmia bruneri	Chelan
Osmia bruneri	Columbia
Osmia bruneri	Garfield
Osmia bruneri	Grant
Osmia bruneri	Kittitas
Osmia bruneri	Spokane
Osmia bruneri	Stevens
Osmia bruneri	Walla Walla
Osmia bruneri	Yakima
Osmia bucephala	Clark
Osmia bucephala	Garfield
Osmia bucephala	Jefferson
Osmia bucephala	King
Osmia bucephala	Kitsap
Osmia bucephala	Okanogan
Osmia bucephala	San Juan
Osmia bucephala	Skamania
Osmia bucephala	Stevens
Osmia bucephala	Thurston
Osmia bucephala	Wahkiakum
Osmia bucephala	Whatcom
Osmia bucephala	Whitman
Osmia cahuilla	Pierce
Osmia calla	Benton
Osmia calla	Klickitat
Osmia calla	Spokane
Osmia calla	Thurston
Osmia calla	Whitman
Osmia cara	Kittitas
Osmia cobaltina	Chelan
Osmia cobaltina	Franklin
Osmia cobaltina	Grant
Osmia cobaltina	Whitman
Osmia cyanella	Asotin
Osmia cyanella	Chelan
Osmia cyanella	King
Osmia cyanella	Klickitat
Osmia cyanella	Thurston
Osmia cyanella	Yakima
Osmia cyanopoda	Benton
Osmia cyanopoda	Garfield
Osmia cyanopoda	Walla Walla
Osmia dakotensis	Benton
Osmia dakotensis	Garfield
Osmia densa	Chelan
Osmia densa	Clallam
Osmia densa	Garfield
Osmia densa	Island
Osmia densa	King
Osmia densa	Kittitas
Osmia densa	Klickitat
Osmia densa	San Juan
Osmia densa	Spokane
Osmia densa	Stevens
Osmia densa	Whatcom
Osmia densa	Whitman
Osmia densa	Yakima
Osmia dolerosa	Chelan
Osmia dolerosa	Clallam
Osmia dolerosa	King
Osmia dolerosa	Kitsap
Osmia dolerosa	Klickitat
Osmia dolerosa	Okanogan
Osmia dolerosa	Pacific
Osmia dolerosa	Pierce
Osmia dolerosa	San Juan
Osmia dolerosa	Thurston
Osmia dolerosa	Whitman
Osmia ednae	Spokane
Osmia ednae	Whitman
Osmia exigua	Klickitat
Osmia exigua	Okanogan
Osmia exigua	Spokane
Osmia exigua	Stevens
Osmia exigua	Thurston
Osmia exigua	Yakima
Osmia giliarum	Adams
Osmia giliarum	King
Osmia giliarum	Kittitas
Osmia giliarum	Klickitat
Osmia giliarum	Thurston
Osmia giliarum	Walla Walla
Osmia giliarum	Whitman
Osmia giliarum	Yakima
Osmia grindeliae	Chelan
Osmia inermis	King
Osmia integra	Adams
Osmia integra	Benton
Osmia integra	Chelan
Osmia integra	Garfield
Osmia integra	Grant
Osmia integra	Kittitas
Osmia integra	Walla Walla
Osmia integra	Yakima
Osmia inurbana	Garfield
Osmia inurbana	Thurston
Osmia inurbana	Walla Walla
Osmia inurbana	Whitman
Osmia juxta	Asotin
Osmia juxta	Chelan
Osmia juxta	Ferry
Osmia juxta	King
Osmia juxta	Kittitas
Osmia juxta	Klickitat
Osmia juxta	Lewis
Osmia juxta	Okanogan
Osmia juxta	San Juan
Osmia juxta	Spokane
Osmia juxta	Stevens
Osmia juxta	Thurston
Osmia juxta	Whitman
Osmia kincaidii	Benton
Osmia kincaidii	Klickitat
Osmia kincaidii	Okanogan
Osmia kincaidii	Pierce
Osmia kincaidii	Skagit
Osmia kincaidii	Spokane
Osmia kincaidii	Stevens
Osmia kincaidii	Thurston
Osmia laeta	Klickitat
Osmia laeta	Okanogan
Osmia lanei	Yakima
Osmia longula	Benton
Osmia longula	Chelan
Osmia longula	Kittitas
Osmia longula	Okanogan
Osmia longula	Spokane
Osmia longula	Thurston
Osmia longula	Whitman
Osmia longula	Yakima
Osmia malina	Chelan
Osmia malina	Clallam
Osmia malina	King
Osmia malina	Klickitat
Osmia malina	Wahkiakum
Osmia melanopleura	Klickitat
Osmia melanopleura	Spokane
Osmia melanopleura	Stevens
Osmia melanopleura	Whitman
Osmia nanula	King
Osmia nanula	Okanogan
Osmia nanula	Skamania
Osmia nanula	Spokane
Osmia nanula	Walla Walla
Osmia nanula	Whitman
Osmia nemoris	Benton
Osmia nemoris	Klickitat
Osmia nemoris	Spokane
Osmia nemoris	Thurston
Osmia nemoris	Walla Walla
Osmia nemoris	Whitman
Osmia nifoata	Whitman
Osmia nifoata	Yakima
Osmia nigrifrons	Adams
Osmia nigrifrons	Benton
Osmia nigrifrons	Garfield
Osmia nigrifrons	King
Osmia nigrifrons	Klickitat
Osmia nigrifrons	Stevens
Osmia nigrifrons	Whitman
Osmia nigriventris	Okanogan
Osmia nigriventris	Pierce
Osmia nigriventris	Stevens
Osmia nigriventris	Whatcom
Osmia nigrobarbata	Walla Walla
Osmia obliqua	Klickitat
Osmia obliqua	Spokane
Osmia odontogaster	King
Osmia odontogaster	Okanogan
Osmia odontogaster	Thurston
Osmia odontogaster	Whitman
Osmia paradisica	Chelan
Osmia paradisica	Okanogan
Osmia paradisica	Pierce
Osmia paradisica	Skagit
Osmia paradisica	Stevens
Osmia paradisica	Whatcom
Osmia pentstemonis	Clallam
Osmia pentstemonis	Kittitas
Osmia pentstemonis	Klickitat
Osmia pentstemonis	Okanogan
Osmia pentstemonis	Pierce
Osmia pentstemonis	Stevens
Osmia pentstemonis	Whitman
Osmia pentstemonis	Yakima
Osmia pikei	King
Osmia pikei	Okanogan
Osmia pikei	Thurston
Osmia proxima	Clark
Osmia proxima	Garfield
Osmia proxima	Jefferson
Osmia proxima	Klickitat
Osmia proxima	Okanogan
Osmia proxima	San Juan
Osmia proxima	Skamania
Osmia proxima	Spokane
Osmia proxima	Stevens
Osmia proxima	Wahkiakum
Osmia proxima	Whitman
Osmia pulsatillae	King
Osmia pulsatillae	Whitman
Osmia pusilla	Benton
Osmia pusilla	Clallam
Osmia pusilla	Clark
Osmia pusilla	Cowlitz
Osmia pusilla	Garfield
Osmia pusilla	Klickitat
Osmia pusilla	Okanogan
Osmia pusilla	Pierce
Osmia pusilla	Skamania
Osmia pusilla	Spokane
Osmia pusilla	Stevens
Osmia pusilla	Whatcom
Osmia pusilla	Whitman
Osmia raritatis	Klickitat
Osmia raritatis	Spokane
Osmia raritatis	Yakima
Osmia rawlinsi	Chelan
Osmia rawlinsi	Grant
Osmia rawlinsi	Walla Walla
Osmia rawlinsi	Yakima
Osmia regulina	Garfield
Osmia regulina	Klickitat
Osmia regulina	Walla Walla
Osmia sculleni	Klickitat
Osmia sculleni	Okanogan
Osmia sculleni	Spokane
Osmia sedula	Klickitat
Osmia sedula	Thurston
Osmia simillima	Clallam
Osmia simillima	Garfield
Osmia simillima	Island
Osmia simillima	Jefferson
Osmia simillima	King
Osmia simillima	Pacific
Osmia simillima	Spokane
Osmia simillima	Stevens
Osmia simillima	Thurston
Osmia simillima	Whatcom
Osmia simillima	Whitman
Osmia simillima	Yakima
Osmia tanneri	Okanogan
Osmia thysanisca	Whitman
Osmia thysanisca	Yakima
Osmia trevoris	Benton
Osmia trevoris	Clark
Osmia trevoris	Columbia
Osmia trevoris	Franklin
Osmia trevoris	Garfield
Osmia trevoris	King
Osmia trevoris	Kittitas
Osmia trevoris	Klickitat
Osmia trevoris	Okanogan
Osmia trevoris	Skamania
Osmia trevoris	Spokane
Osmia trevoris	Stevens
Osmia trevoris	Thurston
Osmia trevoris	Walla Walla
Osmia trevoris	Whitman
Osmia trifoliama	Klickitat
Osmia trifoliama	San Juan
Osmia tristella	Chelan
Osmia tristella	Clallam
Osmia tristella	King
Osmia tristella	Okanogan
Osmia tristella	Pierce
Osmia tristella	Spokane
Osmia tristella	Stevens
Osmia tristella	Thurston
Osmia tristella	Walla Walla
Osmia tristella	Yakima
Osmia unca	Benton
Osmia unca	Garfield
Osmia unca	Walla Walla
Osmia unca	Whitman
Osmia vandykei	Benton
Osmia vandykei	Klickitat
Osmia vandykei	Spokane
Osmia vandykei	Whitman
Osmia lignaria	Adams
Osmia lignaria	Chelan
Osmia lignaria	Clallam
Osmia lignaria	Clark
Osmia lignaria	Cowlitz
Osmia lignaria	Ferry
Osmia lignaria	Grant
Osmia lignaria	Island
Osmia lignaria	Jefferson
Osmia lignaria	King
Osmia lignaria	Kitsap
Osmia lignaria	Klickitat
Osmia lignaria	Mason
Osmia lignaria	Okanogan
Osmia lignaria	Pacific
Osmia lignaria	Pierce
Osmia lignaria	San Juan
Osmia lignaria	Skagit
Osmia lignaria	Snohomish
Osmia lignaria	Spokane
Osmia lignaria	Stevens
Osmia lignaria	Thurston
Osmia lignaria	Walla Walla
Osmia lignaria	Whatcom
Osmia lignaria	Whitman
Osmia lignaria	Yakima
Protosmia rubifloris	Chelan
Protosmia rubifloris	King
Protosmia rubifloris	Okanogan
Protosmia rubifloris	Thurston
Macropis steironematis	Yakima
